season,match_id,match_name,home_team,away_team,bowling_team,venue,city,country,innings_id,name,fullName,overs,maidens,conceded,wickets,economyRate,dots,foursConceded,sixesConceded,wides,noballs,captain,href
2022,1298179,ENG v PAK,PAK,ENG,ENG,Melbourne Cricket Ground,Melbourne,Australia,1,BA Stokes,Ben Stokes,4,0,32,1,8.00,6,1,0,2,1,False,https://www.espncricinfo.com/ci/content/player/311158.html
2022,1298179,ENG v PAK,PAK,ENG,ENG,Melbourne Cricket Ground,Melbourne,Australia,1,CR Woakes,Chris Woakes,3,0,26,0,8.66,7,2,1,2,0,False,https://www.espncricinfo.com/ci/content/player/247235.html
2022,1298179,ENG v PAK,PAK,ENG,ENG,Melbourne Cricket Ground,Melbourne,Australia,1,SM Curran,Sam Curran,4,0,12,3,3.00,15,0,0,0,0,False,https://www.espncricinfo.com/ci/content/player/662973.html
2022,1298179,ENG v PAK,PAK,ENG,ENG,Melbourne Cricket Ground,Melbourne,Australia,1,AU Rashid,Adil Rashid,4,1,22,2,5.50,10,1,0,1,0,False,https://www.espncricinfo.com/ci/content/player/244497.html
2022,1298179,ENG v PAK,PAK,ENG,ENG,Melbourne Cricket Ground,Melbourne,Australia,1,CJ Jordan,Chris Jordan,4,0,27,2,6.75,9,3,0,0,0,False,https://www.espncricinfo.com/ci/content/player/288992.html
2022,1298179,ENG v PAK,PAK,ENG,ENG,Melbourne Cricket Ground,Melbourne,Australia,1,LS Livingstone,Liam Livingstone,1,0,16,0,16.00,1,1,1,1,0,False,https://www.espncricinfo.com/ci/content/player/403902.html
2022,1298179,ENG v PAK,PAK,ENG,PAK,Melbourne Cricket Ground,Melbourne,Australia,2,Shaheen Shah Afridi,Shaheen Shah Afridi,2.1,0,13,1,6.00,6,1,0,0,0,False,https://www.espncricinfo.com/ci/content/player/1072470.html
2022,1298179,ENG v PAK,PAK,ENG,PAK,Melbourne Cricket Ground,Melbourne,Australia,2,Naseem Shah,Naseem Shah,4,0,30,0,7.50,15,3,1,1,0,False,https://www.espncricinfo.com/ci/content/player/1158088.html
2022,1298179,ENG v PAK,PAK,ENG,PAK,Melbourne Cricket Ground,Melbourne,Australia,2,Haris Rauf,Haris Rauf,4,0,23,2,5.75,13,3,0,1,0,False,https://www.espncricinfo.com/ci/content/player/1161606.html
2022,1298179,ENG v PAK,PAK,ENG,PAK,Melbourne Cricket Ground,Melbourne,Australia,2,Shadab Khan,Shadab Khan,4,0,20,1,5.00,10,1,0,0,0,False,https://www.espncricinfo.com/ci/content/player/922943.html
2022,1298179,ENG v PAK,PAK,ENG,PAK,Melbourne Cricket Ground,Melbourne,Australia,2,Mohammad Wasim(1),Mohammad Wasim,4,0,38,1,9.50,5,5,0,2,0,False,https://www.espncricinfo.com/ci/content/player/1185538.html
2022,1298179,ENG v PAK,PAK,ENG,PAK,Melbourne Cricket Ground,Melbourne,Australia,2,Iftikhar Ahmed,Iftikhar Ahmed,0.5,0,13,0,15.60,0,1,1,0,0,False,https://www.espncricinfo.com/ci/content/player/480603.html
2022,1298178,ENG v INDIA,INDIA,ENG,ENG,Adelaide Oval,Adelaide,Australia,1,BA Stokes,Ben Stokes,2,0,18,0,9.00,5,2,1,0,0,False,https://www.espncricinfo.com/ci/content/player/311158.html
2022,1298178,ENG v INDIA,INDIA,ENG,ENG,Adelaide Oval,Adelaide,Australia,1,CR Woakes,Chris Woakes,3,0,24,1,8.00,5,1,1,2,0,False,https://www.espncricinfo.com/ci/content/player/247235.html
2022,1298178,ENG v INDIA,INDIA,ENG,ENG,Adelaide Oval,Adelaide,Australia,1,SM Curran,Sam Curran,4,0,42,0,10.50,9,5,2,0,0,False,https://www.espncricinfo.com/ci/content/player/662973.html
2022,1298178,ENG v INDIA,INDIA,ENG,ENG,Adelaide Oval,Adelaide,Australia,1,AU Rashid,Adil Rashid,4,0,20,1,5.00,8,1,0,0,0,False,https://www.espncricinfo.com/ci/content/player/244497.html
2022,1298178,ENG v INDIA,INDIA,ENG,ENG,Adelaide Oval,Adelaide,Australia,1,LS Livingstone,Liam Livingstone,3,0,21,0,7.00,7,3,0,0,0,False,https://www.espncricinfo.com/ci/content/player/403902.html
2022,1298178,ENG v INDIA,INDIA,ENG,ENG,Adelaide Oval,Adelaide,Australia,1,CJ Jordan,Chris Jordan,4,0,43,3,10.75,8,3,3,1,0,False,https://www.espncricinfo.com/ci/content/player/288992.html
2022,1298178,ENG v INDIA,INDIA,ENG,INDIA,Adelaide Oval,Adelaide,Australia,2,B Kumar,Bhuvneshwar Kumar,2,0,25,0,12.50,4,3,1,1,0,False,https://www.espncricinfo.com/ci/content/player/326016.html
2022,1298178,ENG v INDIA,INDIA,ENG,INDIA,Adelaide Oval,Adelaide,Australia,2,Arshdeep Singh,Arshdeep Singh,2,0,15,0,7.50,4,2,0,1,0,False,https://www.espncricinfo.com/ci/content/player/1125976.html
2022,1298178,ENG v INDIA,INDIA,ENG,INDIA,Adelaide Oval,Adelaide,Australia,2,AR Patel,Axar Patel,4,0,30,0,7.50,10,2,2,0,0,False,https://www.espncricinfo.com/ci/content/player/554691.html
2022,1298178,ENG v INDIA,INDIA,ENG,INDIA,Adelaide Oval,Adelaide,Australia,2,Mohammed Shami,Mohammed Shami,3,0,39,0,13.00,7,4,3,0,0,False,https://www.espncricinfo.com/ci/content/player/481896.html
2022,1298178,ENG v INDIA,INDIA,ENG,INDIA,Adelaide Oval,Adelaide,Australia,2,R Ashwin,Ravichandran Ashwin,2,0,27,0,13.50,1,1,2,1,0,False,https://www.espncricinfo.com/ci/content/player/26421.html
2022,1298178,ENG v INDIA,INDIA,ENG,INDIA,Adelaide Oval,Adelaide,Australia,2,HH Pandya,Hardik Pandya,3,0,34,0,11.33,5,1,2,0,0,False,https://www.espncricinfo.com/ci/content/player/625371.html
2022,1298177,NZ v PAK,NZ,PAK,PAK,Sydney Cricket Ground,Sydney,Australia,1,Shaheen Shah Afridi,Shaheen Shah Afridi,4,0,24,2,6.00,11,2,0,0,0,False,https://www.espncricinfo.com/ci/content/player/1072470.html
2022,1298177,NZ v PAK,NZ,PAK,PAK,Sydney Cricket Ground,Sydney,Australia,1,Naseem Shah,Naseem Shah,4,0,30,0,7.50,8,3,0,0,0,False,https://www.espncricinfo.com/ci/content/player/1158088.html
2022,1298177,NZ v PAK,NZ,PAK,PAK,Sydney Cricket Ground,Sydney,Australia,1,Haris Rauf,Haris Rauf,4,0,32,0,8.00,6,2,0,0,0,False,https://www.espncricinfo.com/ci/content/player/1161606.html
2022,1298177,NZ v PAK,NZ,PAK,PAK,Sydney Cricket Ground,Sydney,Australia,1,Mohammad Wasim(1),Mohammad Wasim,2,0,15,0,7.50,3,0,1,0,0,False,https://www.espncricinfo.com/ci/content/player/1185538.html
2022,1298177,NZ v PAK,NZ,PAK,PAK,Sydney Cricket Ground,Sydney,Australia,1,Shadab Khan,Shadab Khan,4,0,33,0,8.25,7,3,1,0,0,False,https://www.espncricinfo.com/ci/content/player/922943.html
2022,1298177,NZ v PAK,NZ,PAK,PAK,Sydney Cricket Ground,Sydney,Australia,1,Mohammad Nawaz(3),Mohammad Nawaz,2,0,12,1,6.00,2,0,0,0,0,False,https://www.espncricinfo.com/ci/content/player/348148.html
2022,1298177,NZ v PAK,NZ,PAK,NZ,Sydney Cricket Ground,Sydney,Australia,2,TA Boult,Trent Boult,4,0,33,2,8.25,9,5,0,0,0,False,https://www.espncricinfo.com/ci/content/player/277912.html
2022,1298177,NZ v PAK,NZ,PAK,NZ,Sydney Cricket Ground,Sydney,Australia,2,TG Southee,Tim Southee,3.1,0,24,0,7.57,7,3,0,2,0,False,https://www.espncricinfo.com/ci/content/player/232364.html
2022,1298177,NZ v PAK,NZ,PAK,NZ,Sydney Cricket Ground,Sydney,Australia,2,LH Ferguson,Lockie Ferguson,4,0,37,0,9.25,7,4,1,1,0,False,https://www.espncricinfo.com/ci/content/player/493773.html
2022,1298177,NZ v PAK,NZ,PAK,NZ,Sydney Cricket Ground,Sydney,Australia,2,MJ Santner,Mitchell Santner,4,0,26,1,6.50,6,1,0,0,0,False,https://www.espncricinfo.com/ci/content/player/502714.html
2022,1298177,NZ v PAK,NZ,PAK,NZ,Sydney Cricket Ground,Sydney,Australia,2,IS Sodhi,Ish Sodhi,4,0,26,0,6.50,4,1,0,0,0,False,https://www.espncricinfo.com/ci/content/player/559066.html
2022,1298176,INDIA v ZIM,INDIA,ZIM,ZIM,Melbourne Cricket Ground,Melbourne,Australia,1,R Ngarava,Richard Ngarava,4,1,44,1,11.00,12,2,4,1,1,False,https://www.espncricinfo.com/ci/content/player/806241.html
2022,1298176,INDIA v ZIM,INDIA,ZIM,ZIM,Melbourne Cricket Ground,Melbourne,Australia,1,TL Chatara,Tendai Chatara,4,0,34,0,8.50,5,3,1,0,0,False,https://www.espncricinfo.com/ci/content/player/425639.html
2022,1298176,INDIA v ZIM,INDIA,ZIM,ZIM,Melbourne Cricket Ground,Melbourne,Australia,1,B Muzarabani,Blessing Muzarabani,4,0,50,1,12.50,5,8,0,1,0,False,https://www.espncricinfo.com/ci/content/player/827051.html
2022,1298176,INDIA v ZIM,INDIA,ZIM,ZIM,Melbourne Cricket Ground,Melbourne,Australia,1,WP Masakadza,Wellington Masakadza,2,0,12,0,6.00,5,1,0,1,0,False,https://www.espncricinfo.com/ci/content/player/571703.html
2022,1298176,INDIA v ZIM,INDIA,ZIM,ZIM,Melbourne Cricket Ground,Melbourne,Australia,1,RP Burl,Ryan Burl,1,0,14,0,14.00,1,1,1,0,0,False,https://www.espncricinfo.com/ci/content/player/495964.html
2022,1298176,INDIA v ZIM,INDIA,ZIM,ZIM,Melbourne Cricket Ground,Melbourne,Australia,1,Sikandar Raza,Sikandar Raza,3,0,18,1,6.00,5,0,1,0,0,False,https://www.espncricinfo.com/ci/content/player/299572.html
2022,1298176,INDIA v ZIM,INDIA,ZIM,ZIM,Melbourne Cricket Ground,Melbourne,Australia,1,SC Williams,Sean Williams,2,0,9,2,4.50,6,0,0,2,0,False,https://www.espncricinfo.com/ci/content/player/55870.html
2022,1298176,INDIA v ZIM,INDIA,ZIM,INDIA,Melbourne Cricket Ground,Melbourne,Australia,2,B Kumar,Bhuvneshwar Kumar,3,1,11,1,3.66,14,1,0,1,0,False,https://www.espncricinfo.com/ci/content/player/326016.html
2022,1298176,INDIA v ZIM,INDIA,ZIM,INDIA,Melbourne Cricket Ground,Melbourne,Australia,2,Arshdeep Singh,Arshdeep Singh,2,0,9,1,4.50,9,1,0,2,0,False,https://www.espncricinfo.com/ci/content/player/1125976.html
2022,1298176,INDIA v ZIM,INDIA,ZIM,INDIA,Melbourne Cricket Ground,Melbourne,Australia,2,Mohammed Shami,Mohammed Shami,2,0,14,2,7.00,7,1,1,0,0,False,https://www.espncricinfo.com/ci/content/player/481896.html
2022,1298176,INDIA v ZIM,INDIA,ZIM,INDIA,Melbourne Cricket Ground,Melbourne,Australia,2,HH Pandya,Hardik Pandya,3,0,16,2,5.33,10,1,0,2,1,False,https://www.espncricinfo.com/ci/content/player/625371.html
2022,1298176,INDIA v ZIM,INDIA,ZIM,INDIA,Melbourne Cricket Ground,Melbourne,Australia,2,R Ashwin,Ravichandran Ashwin,4,0,22,3,5.50,13,3,0,1,0,False,https://www.espncricinfo.com/ci/content/player/26421.html
2022,1298176,INDIA v ZIM,INDIA,ZIM,INDIA,Melbourne Cricket Ground,Melbourne,Australia,2,AR Patel,Axar Patel,3.2,0,40,1,12.00,4,5,1,0,0,False,https://www.espncricinfo.com/ci/content/player/554691.html
2022,1298175,BAN v PAK,BAN,PAK,PAK,Adelaide Oval,Adelaide,Australia,1,Shaheen Shah Afridi,Shaheen Shah Afridi,4,0,22,4,5.50,13,2,1,0,0,False,https://www.espncricinfo.com/ci/content/player/1072470.html
2022,1298175,BAN v PAK,BAN,PAK,PAK,Adelaide Oval,Adelaide,Australia,1,Naseem Shah,Naseem Shah,3,0,15,0,5.00,9,2,0,0,0,False,https://www.espncricinfo.com/ci/content/player/1158088.html
2022,1298175,BAN v PAK,BAN,PAK,PAK,Adelaide Oval,Adelaide,Australia,1,Mohammad Wasim(1),Mohammad Wasim,2,0,19,0,9.50,5,1,1,1,0,False,https://www.espncricinfo.com/ci/content/player/1185538.html
2022,1298175,BAN v PAK,BAN,PAK,PAK,Adelaide Oval,Adelaide,Australia,1,Haris Rauf,Haris Rauf,4,0,21,1,5.25,11,2,0,0,0,False,https://www.espncricinfo.com/ci/content/player/1161606.html
2022,1298175,BAN v PAK,BAN,PAK,PAK,Adelaide Oval,Adelaide,Australia,1,Shadab Khan,Shadab Khan,4,0,30,2,7.50,8,3,0,0,0,False,https://www.espncricinfo.com/ci/content/player/922943.html
2022,1298175,BAN v PAK,BAN,PAK,PAK,Adelaide Oval,Adelaide,Australia,1,Iftikhar Ahmed,Iftikhar Ahmed,3,0,15,1,5.00,9,2,0,0,0,False,https://www.espncricinfo.com/ci/content/player/480603.html
2022,1298175,BAN v PAK,BAN,PAK,BAN,Adelaide Oval,Adelaide,Australia,2,Taskin Ahmed,Taskin Ahmed,3,0,26,0,8.66,10,1,2,0,1,False,https://www.espncricinfo.com/ci/content/player/538506.html
2022,1298175,BAN v PAK,BAN,PAK,BAN,Adelaide Oval,Adelaide,Australia,2,Nasum Ahmed,Nasum Ahmed,4,0,14,1,3.50,13,0,0,2,0,False,https://www.espncricinfo.com/ci/content/player/348049.html
2022,1298175,BAN v PAK,BAN,PAK,BAN,Adelaide Oval,Adelaide,Australia,2,Shakib Al Hasan,Shakib Al Hasan,4,0,35,1,8.75,6,5,0,0,0,True,https://www.espncricinfo.com/ci/content/player/56143.html
2022,1298175,BAN v PAK,BAN,PAK,BAN,Adelaide Oval,Adelaide,Australia,2,Mustafizur Rahman,Mustafizur Rahman,4,0,21,1,5.25,8,0,0,0,0,False,https://www.espncricinfo.com/ci/content/player/330902.html
2022,1298175,BAN v PAK,BAN,PAK,BAN,Adelaide Oval,Adelaide,Australia,2,Ebadot Hossain,Ebadot Hossain,3.1,0,25,1,7.89,7,1,1,0,1,False,https://www.espncricinfo.com/ci/content/player/932355.html
2022,1298174,NED v SA,NED,SA,SA,Adelaide Oval,Adelaide,Australia,1,WD Parnell,Wayne Parnell,4,0,32,0,8.00,10,2,2,1,0,False,https://www.espncricinfo.com/ci/content/player/265564.html
2022,1298174,NED v SA,NED,SA,SA,Adelaide Oval,Adelaide,Australia,1,K Rabada,Kagiso Rabada,3,0,37,0,12.33,6,7,0,0,0,False,https://www.espncricinfo.com/ci/content/player/550215.html
2022,1298174,NED v SA,NED,SA,SA,Adelaide Oval,Adelaide,Australia,1,L Ngidi,Lungi Ngidi,3,0,35,0,11.66,3,5,0,0,0,False,https://www.espncricinfo.com/ci/content/player/542023.html
2022,1298174,NED v SA,NED,SA,SA,Adelaide Oval,Adelaide,Australia,1,A Nortje,Anrich Nortje,4,0,10,1,2.50,14,0,0,0,0,False,https://www.espncricinfo.com/ci/content/player/481979.html
2022,1298174,NED v SA,NED,SA,SA,Adelaide Oval,Adelaide,Australia,1,KA Maharaj,Keshav Maharaj,4,0,27,2,6.75,12,1,2,0,0,False,https://www.espncricinfo.com/ci/content/player/267724.html
2022,1298174,NED v SA,NED,SA,SA,Adelaide Oval,Adelaide,Australia,1,AK Markram,Aiden Markram,2,0,16,1,8.00,3,0,1,1,0,False,https://www.espncricinfo.com/ci/content/player/600498.html
2022,1298174,NED v SA,NED,SA,NED,Adelaide Oval,Adelaide,Australia,2,FJ Klaassen,Fred Klaassen,4,0,20,2,5.00,15,3,0,0,0,False,https://www.espncricinfo.com/ci/content/player/1104703.html
2022,1298174,NED v SA,NED,SA,NED,Adelaide Oval,Adelaide,Australia,2,PA van Meekeren,Paul van Meekeren,3,0,33,1,11.00,5,1,2,1,1,False,https://www.espncricinfo.com/ci/content/player/348109.html
2022,1298174,NED v SA,NED,SA,NED,Adelaide Oval,Adelaide,Australia,2,CN Ackermann,Colin Ackermann,3,0,16,0,5.33,6,1,0,0,0,False,https://www.espncricinfo.com/ci/content/player/379774.html
2022,1298174,NED v SA,NED,SA,NED,Adelaide Oval,Adelaide,Australia,2,RE van der Merwe,Roelof van der Merwe,2,0,19,0,9.50,2,2,0,0,0,False,https://www.espncricinfo.com/ci/content/player/47850.html
2022,1298174,NED v SA,NED,SA,NED,Adelaide Oval,Adelaide,Australia,2,BD Glover,Brandon Glover,2,0,9,3,4.50,5,0,0,1,0,False,https://www.espncricinfo.com/ci/content/player/595419.html
2022,1298174,NED v SA,NED,SA,NED,Adelaide Oval,Adelaide,Australia,2,LV van Beek,Logan van Beek,3,0,23,0,7.66,4,1,1,0,0,False,https://www.espncricinfo.com/ci/content/player/440522.html
2022,1298174,NED v SA,NED,SA,NED,Adelaide Oval,Adelaide,Australia,2,BFW de Leede,Bas de Leede,3,0,25,2,8.33,4,1,0,1,2,False,https://www.espncricinfo.com/ci/content/player/1036191.html
2022,1298173,ENG v SL,SL,ENG,ENG,Sydney Cricket Ground,Sydney,Australia,1,BA Stokes,Ben Stokes,3,0,24,1,8.00,8,1,2,0,0,False,https://www.espncricinfo.com/ci/content/player/311158.html
2022,1298173,ENG v SL,SL,ENG,ENG,Sydney Cricket Ground,Sydney,Australia,1,CR Woakes,Chris Woakes,3,0,24,1,8.00,5,3,0,1,0,False,https://www.espncricinfo.com/ci/content/player/247235.html
2022,1298173,ENG v SL,SL,ENG,ENG,Sydney Cricket Ground,Sydney,Australia,1,MA Wood,Mark Wood,3,0,26,3,8.66,8,1,2,1,0,False,https://www.espncricinfo.com/ci/content/player/351588.html
2022,1298173,ENG v SL,SL,ENG,ENG,Sydney Cricket Ground,Sydney,Australia,1,SM Curran,Sam Curran,4,0,27,1,6.75,10,2,1,0,0,False,https://www.espncricinfo.com/ci/content/player/662973.html
2022,1298173,ENG v SL,SL,ENG,ENG,Sydney Cricket Ground,Sydney,Australia,1,AU Rashid,Adil Rashid,4,0,16,1,4.00,11,0,0,0,0,False,https://www.espncricinfo.com/ci/content/player/244497.html
2022,1298173,ENG v SL,SL,ENG,ENG,Sydney Cricket Ground,Sydney,Australia,1,LS Livingstone,Liam Livingstone,2,0,16,0,8.00,2,0,1,0,0,False,https://www.espncricinfo.com/ci/content/player/403902.html
2022,1298173,ENG v SL,SL,ENG,ENG,Sydney Cricket Ground,Sydney,Australia,1,MM Ali,Moeen Ali,1,0,5,0,5.00,1,0,0,0,0,False,https://www.espncricinfo.com/ci/content/player/8917.html
2022,1298173,ENG v SL,SL,ENG,SL,Sydney Cricket Ground,Sydney,Australia,2,M Theekshana,Maheesh Theekshana,4,0,22,0,5.50,11,1,0,1,0,False,https://www.espncricinfo.com/ci/content/player/1138316.html
2022,1298173,ENG v SL,SL,ENG,SL,Sydney Cricket Ground,Sydney,Australia,2,CAK Rajitha,Kasun Rajitha,3,0,40,0,13.33,4,5,1,2,0,False,https://www.espncricinfo.com/ci/content/player/499594.html
2022,1298173,ENG v SL,SL,ENG,SL,Sydney Cricket Ground,Sydney,Australia,2,CBRLS Kumara,Lahiru Kumara,3.4,0,24,2,6.54,11,3,0,0,1,False,https://www.espncricinfo.com/ci/content/player/784375.html
2022,1298173,ENG v SL,SL,ENG,SL,Sydney Cricket Ground,Sydney,Australia,2,PWH de Silva,Wanindu Hasaranga de Silva,4,0,23,2,5.75,11,1,1,0,0,False,https://www.espncricinfo.com/ci/content/player/784379.html
2022,1298173,ENG v SL,SL,ENG,SL,Sydney Cricket Ground,Sydney,Australia,2,DM de Silva,Dhananjaya de Silva,4,0,24,2,6.00,7,1,0,0,0,False,https://www.espncricinfo.com/ci/content/player/465793.html
2022,1298173,ENG v SL,SL,ENG,SL,Sydney Cricket Ground,Sydney,Australia,2,KIC Asalanka,Charith Asalanka,1,0,8,0,8.00,1,1,0,0,0,False,https://www.espncricinfo.com/ci/content/player/784367.html
2022,1298172,AUS v AFG,AUS,AFG,AFG,Adelaide Oval,Adelaide,Australia,1,Fazalhaq Farooqi,Fazalhaq Farooqi,4,0,29,2,7.25,13,4,1,0,0,False,https://www.espncricinfo.com/ci/content/player/974175.html
2022,1298172,AUS v AFG,AUS,AFG,AFG,Adelaide Oval,Adelaide,Australia,1,Mujeeb Ur Rahman,Mujeeb Ur Rahman,4,0,42,1,10.50,5,4,1,1,0,False,https://www.espncricinfo.com/ci/content/player/974109.html
2022,1298172,AUS v AFG,AUS,AFG,AFG,Adelaide Oval,Adelaide,Australia,1,Naveen-ul-Haq,Naveen-ul-Haq,4,0,21,3,5.25,11,2,0,0,0,False,https://www.espncricinfo.com/ci/content/player/793447.html
2022,1298172,AUS v AFG,AUS,AFG,AFG,Adelaide Oval,Adelaide,Australia,1,Gulbadin Naib,Gulbadin Naib,3,0,31,0,10.33,6,3,2,0,0,False,https://www.espncricinfo.com/ci/content/player/352048.html
2022,1298172,AUS v AFG,AUS,AFG,AFG,Adelaide Oval,Adelaide,Australia,1,Rashid Khan,Rashid Khan,4,0,29,1,7.25,9,2,1,1,0,False,https://www.espncricinfo.com/ci/content/player/793463.html
2022,1298172,AUS v AFG,AUS,AFG,AFG,Adelaide Oval,Adelaide,Australia,1,Mohammad Nabi,Mohammad Nabi,1,0,14,0,14.00,1,1,1,0,0,True,https://www.espncricinfo.com/ci/content/player/25913.html
2022,1298172,AUS v AFG,AUS,AFG,AUS,Adelaide Oval,Adelaide,Australia,2,JR Hazlewood,Josh Hazlewood,4,0,33,2,8.25,13,2,3,0,0,False,https://www.espncricinfo.com/ci/content/player/288284.html
2022,1298172,AUS v AFG,AUS,AFG,AUS,Adelaide Oval,Adelaide,Australia,2,PJ Cummins,Pat Cummins,4,0,22,0,5.50,12,2,0,0,0,False,https://www.espncricinfo.com/ci/content/player/489889.html
2022,1298172,AUS v AFG,AUS,AFG,AUS,Adelaide Oval,Adelaide,Australia,2,MP Stoinis,Marcus Stoinis,2,0,26,0,13.00,2,2,1,2,0,False,https://www.espncricinfo.com/ci/content/player/325012.html
2022,1298172,AUS v AFG,AUS,AFG,AUS,Adelaide Oval,Adelaide,Australia,2,KW Richardson,Kane Richardson,4,0,48,1,12.00,4,3,3,1,0,False,https://www.espncricinfo.com/ci/content/player/272262.html
2022,1298172,AUS v AFG,AUS,AFG,AUS,Adelaide Oval,Adelaide,Australia,2,A Zampa,Adam Zampa,4,0,22,2,5.50,11,1,0,0,0,False,https://www.espncricinfo.com/ci/content/player/379504.html
2022,1298172,AUS v AFG,AUS,AFG,AUS,Adelaide Oval,Adelaide,Australia,2,C Green,Cameron Green,2,0,13,0,6.50,7,1,1,0,0,False,https://www.espncricinfo.com/ci/content/player/1076713.html
2022,1298171,IRE v NZ,NZ,IRE,IRE,Adelaide Oval,Adelaide,Australia,1,JB Little,Josh Little,4,0,22,3,5.50,10,2,0,1,0,False,https://www.espncricinfo.com/ci/content/player/928067.html
2022,1298171,IRE v NZ,NZ,IRE,IRE,Adelaide Oval,Adelaide,Australia,1,MR Adair,Mark Adair,4,0,39,1,9.75,9,3,1,3,0,False,https://www.espncricinfo.com/ci/content/player/526441.html
2022,1298171,IRE v NZ,NZ,IRE,IRE,Adelaide Oval,Adelaide,Australia,1,BJ McCarthy,Barry McCarthy,4,0,46,0,11.50,4,4,2,0,0,False,https://www.espncricinfo.com/ci/content/player/348059.html
2022,1298171,IRE v NZ,NZ,IRE,IRE,Adelaide Oval,Adelaide,Australia,1,GJ Delany,Gareth Delany,4,0,30,2,7.50,11,3,1,1,0,False,https://www.espncricinfo.com/ci/content/player/1099379.html
2022,1298171,IRE v NZ,NZ,IRE,IRE,Adelaide Oval,Adelaide,Australia,1,F Hand,Fionn Hand,2,0,22,0,11.00,2,2,1,0,0,False,https://www.espncricinfo.com/ci/content/player/1099225.html
2022,1298171,IRE v NZ,NZ,IRE,IRE,Adelaide Oval,Adelaide,Australia,1,GH Dockrell,George Dockrell,2,0,18,0,9.00,4,2,0,2,0,False,https://www.espncricinfo.com/ci/content/player/348034.html
2022,1298171,IRE v NZ,NZ,IRE,NZ,Adelaide Oval,Adelaide,Australia,2,TA Boult,Trent Boult,4,0,38,0,9.50,8,4,1,0,0,False,https://www.espncricinfo.com/ci/content/player/277912.html
2022,1298171,IRE v NZ,NZ,IRE,NZ,Adelaide Oval,Adelaide,Australia,2,TG Southee,Tim Southee,4,0,29,2,7.25,8,2,1,0,0,False,https://www.espncricinfo.com/ci/content/player/232364.html
2022,1298171,IRE v NZ,NZ,IRE,NZ,Adelaide Oval,Adelaide,Australia,2,LH Ferguson,Lockie Ferguson,4,0,22,3,5.50,10,1,0,0,0,False,https://www.espncricinfo.com/ci/content/player/493773.html
2022,1298171,IRE v NZ,NZ,IRE,NZ,Adelaide Oval,Adelaide,Australia,2,MJ Santner,Mitchell Santner,4,0,26,2,6.50,12,3,1,0,0,False,https://www.espncricinfo.com/ci/content/player/502714.html
2022,1298171,IRE v NZ,NZ,IRE,NZ,Adelaide Oval,Adelaide,Australia,2,IS Sodhi,Ish Sodhi,4,0,31,2,7.75,10,0,2,1,0,False,https://www.espncricinfo.com/ci/content/player/559066.html
2022,1298170,PAK v SA,PAK,SA,SA,Sydney Cricket Ground,Sydney,Australia,1,WD Parnell,Wayne Parnell,4,0,31,1,7.75,10,3,1,0,0,False,https://www.espncricinfo.com/ci/content/player/265564.html
2022,1298170,PAK v SA,PAK,SA,SA,Sydney Cricket Ground,Sydney,Australia,1,K Rabada,Kagiso Rabada,4,0,44,1,11.00,7,4,2,0,0,False,https://www.espncricinfo.com/ci/content/player/550215.html
2022,1298170,PAK v SA,PAK,SA,SA,Sydney Cricket Ground,Sydney,Australia,1,L Ngidi,Lungi Ngidi,4,0,32,1,8.00,11,3,1,2,0,False,https://www.espncricinfo.com/ci/content/player/542023.html
2022,1298170,PAK v SA,PAK,SA,SA,Sydney Cricket Ground,Sydney,Australia,1,A Nortje,Anrich Nortje,4,0,41,4,10.25,11,1,4,0,1,False,https://www.espncricinfo.com/ci/content/player/481979.html
2022,1298170,PAK v SA,PAK,SA,SA,Sydney Cricket Ground,Sydney,Australia,1,T Shamsi,Tabraiz Shamsi,4,0,36,1,9.00,8,2,2,2,0,False,https://www.espncricinfo.com/ci/content/player/379145.html
2022,1298170,PAK v SA,PAK,SA,PAK,Sydney Cricket Ground,Sydney,Australia,2,Shaheen Shah Afridi,Shaheen Shah Afridi,3,0,14,3,4.66,11,2,0,0,0,False,https://www.espncricinfo.com/ci/content/player/1072470.html
2022,1298170,PAK v SA,PAK,SA,PAK,Sydney Cricket Ground,Sydney,Australia,2,Naseem Shah,Naseem Shah,3,0,19,1,6.33,10,1,1,1,0,False,https://www.espncricinfo.com/ci/content/player/1158088.html
2022,1298170,PAK v SA,PAK,SA,PAK,Sydney Cricket Ground,Sydney,Australia,2,Haris Rauf,Haris Rauf,3,0,44,1,14.66,2,7,1,1,0,False,https://www.espncricinfo.com/ci/content/player/1161606.html
2022,1298170,PAK v SA,PAK,SA,PAK,Sydney Cricket Ground,Sydney,Australia,2,Mohammad Wasim(1),Mohammad Wasim,2,0,13,1,6.50,3,1,0,0,0,False,https://www.espncricinfo.com/ci/content/player/1185538.html
2022,1298170,PAK v SA,PAK,SA,PAK,Sydney Cricket Ground,Sydney,Australia,2,Shadab Khan,Shadab Khan,2,0,16,2,8.00,5,1,1,0,0,False,https://www.espncricinfo.com/ci/content/player/922943.html
2022,1298170,PAK v SA,PAK,SA,PAK,Sydney Cricket Ground,Sydney,Australia,2,Mohammad Nawaz(3),Mohammad Nawaz,1,0,2,0,2.00,4,0,0,0,0,False,https://www.espncricinfo.com/ci/content/player/348148.html
2022,1298169,BAN v INDIA,INDIA,BAN,BAN,Adelaide Oval,Adelaide,Australia,1,Taskin Ahmed,Taskin Ahmed,4,0,15,0,3.75,16,2,0,0,0,False,https://www.espncricinfo.com/ci/content/player/538506.html
2022,1298169,BAN v INDIA,INDIA,BAN,BAN,Adelaide Oval,Adelaide,Australia,1,Shoriful Islam,Shoriful Islam,4,0,57,0,14.25,7,4,4,2,2,False,https://www.espncricinfo.com/ci/content/player/990039.html
2022,1298169,BAN v INDIA,INDIA,BAN,BAN,Adelaide Oval,Adelaide,Australia,1,Hasan Mahmud,Hasan Mahmud,4,0,47,3,11.75,7,6,2,0,1,False,https://www.espncricinfo.com/ci/content/player/926629.html
2022,1298169,BAN v INDIA,INDIA,BAN,BAN,Adelaide Oval,Adelaide,Australia,1,Mustafizur Rahman,Mustafizur Rahman,4,0,31,0,7.75,9,4,0,0,0,False,https://www.espncricinfo.com/ci/content/player/330902.html
2022,1298169,BAN v INDIA,INDIA,BAN,BAN,Adelaide Oval,Adelaide,Australia,1,Shakib Al Hasan,Shakib Al Hasan,4,0,33,2,8.25,3,2,0,0,0,True,https://www.espncricinfo.com/ci/content/player/56143.html
2022,1298169,BAN v INDIA,INDIA,BAN,INDIA,Adelaide Oval,Adelaide,Australia,2,B Kumar,Bhuvneshwar Kumar,3,0,27,0,9.00,7,2,2,0,0,False,https://www.espncricinfo.com/ci/content/player/326016.html
2022,1298169,BAN v INDIA,INDIA,BAN,INDIA,Adelaide Oval,Adelaide,Australia,2,Arshdeep Singh,Arshdeep Singh,4,0,38,2,9.50,10,5,1,0,0,False,https://www.espncricinfo.com/ci/content/player/1125976.html
2022,1298169,BAN v INDIA,INDIA,BAN,INDIA,Adelaide Oval,Adelaide,Australia,2,Mohammed Shami,Mohammed Shami,3,0,25,1,8.33,7,2,1,0,0,False,https://www.espncricinfo.com/ci/content/player/481896.html
2022,1298169,BAN v INDIA,INDIA,BAN,INDIA,Adelaide Oval,Adelaide,Australia,2,AR Patel,Axar Patel,1,0,6,0,6.00,2,0,0,0,0,False,https://www.espncricinfo.com/ci/content/player/554691.html
2022,1298169,BAN v INDIA,INDIA,BAN,INDIA,Adelaide Oval,Adelaide,Australia,2,R Ashwin,Ravichandran Ashwin,2,0,19,0,9.50,4,3,0,1,0,False,https://www.espncricinfo.com/ci/content/player/26421.html
2022,1298169,BAN v INDIA,INDIA,BAN,INDIA,Adelaide Oval,Adelaide,Australia,2,HH Pandya,Hardik Pandya,3,0,28,2,9.33,8,1,3,0,0,False,https://www.espncricinfo.com/ci/content/player/625371.html
2022,1298168,NED v ZIM,ZIM,NED,NED,Adelaide Oval,Adelaide,Australia,1,FJ Klaassen,Fred Klaassen,4,0,17,1,4.25,17,0,1,2,0,False,https://www.espncricinfo.com/ci/content/player/1104703.html
2022,1298168,NED v ZIM,ZIM,NED,NED,Adelaide Oval,Adelaide,Australia,1,PA van Meekeren,Paul van Meekeren,4,0,29,3,7.25,13,3,0,2,0,False,https://www.espncricinfo.com/ci/content/player/348109.html
2022,1298168,NED v ZIM,ZIM,NED,NED,Adelaide Oval,Adelaide,Australia,1,BD Glover,Brandon Glover,4,1,29,2,7.25,15,2,2,2,0,False,https://www.espncricinfo.com/ci/content/player/595419.html
2022,1298168,NED v ZIM,ZIM,NED,NED,Adelaide Oval,Adelaide,Australia,1,LV van Beek,Logan van Beek,2.2,0,17,2,7.28,8,1,1,1,0,False,https://www.espncricinfo.com/ci/content/player/440522.html
2022,1298168,NED v ZIM,ZIM,NED,NED,Adelaide Oval,Adelaide,Australia,1,BFW de Leede,Bas de Leede,4,0,14,2,3.50,11,0,0,0,0,False,https://www.espncricinfo.com/ci/content/player/1036191.html
2022,1298168,NED v ZIM,ZIM,NED,NED,Adelaide Oval,Adelaide,Australia,1,RE van der Merwe,Roelof van der Merwe,1,0,8,0,8.00,2,1,0,0,0,False,https://www.espncricinfo.com/ci/content/player/47850.html
2022,1298168,NED v ZIM,ZIM,NED,ZIM,Adelaide Oval,Adelaide,Australia,2,TL Chatara,Tendai Chatara,4,0,22,0,5.50,14,4,0,0,0,False,https://www.espncricinfo.com/ci/content/player/425639.html
2022,1298168,NED v ZIM,ZIM,NED,ZIM,Adelaide Oval,Adelaide,Australia,2,R Ngarava,Richard Ngarava,4,0,18,2,4.50,15,1,1,0,0,False,https://www.espncricinfo.com/ci/content/player/806241.html
2022,1298168,NED v ZIM,ZIM,NED,ZIM,Adelaide Oval,Adelaide,Australia,2,B Muzarabani,Blessing Muzarabani,4,0,23,2,5.75,14,2,1,1,0,False,https://www.espncricinfo.com/ci/content/player/827051.html
2022,1298168,NED v ZIM,ZIM,NED,ZIM,Adelaide Oval,Adelaide,Australia,2,SC Williams,Sean Williams,3,0,21,0,7.00,8,2,1,0,0,False,https://www.espncricinfo.com/ci/content/player/55870.html
2022,1298168,NED v ZIM,ZIM,NED,ZIM,Adelaide Oval,Adelaide,Australia,2,Sikandar Raza,Sikandar Raza,1,0,6,0,6.00,0,0,0,0,0,False,https://www.espncricinfo.com/ci/content/player/299572.html
2022,1298168,NED v ZIM,ZIM,NED,ZIM,Adelaide Oval,Adelaide,Australia,2,LM Jongwe,Luke Jongwe,2,0,25,1,12.50,3,4,0,3,1,False,https://www.espncricinfo.com/ci/content/player/541224.html
2022,1298167,ENG v NZ,ENG,NZ,NZ,"Brisbane Cricket Ground, Woolloongabba, Brisbane",Brisbane,Australia,1,TA Boult,Trent Boult,4,0,40,0,10.00,8,4,1,1,0,False,https://www.espncricinfo.com/ci/content/player/277912.html
2022,1298167,ENG v NZ,ENG,NZ,NZ,"Brisbane Cricket Ground, Woolloongabba, Brisbane",Brisbane,Australia,1,TG Southee,Tim Southee,4,0,43,1,10.75,9,3,3,0,0,False,https://www.espncricinfo.com/ci/content/player/232364.html
2022,1298167,ENG v NZ,ENG,NZ,NZ,"Brisbane Cricket Ground, Woolloongabba, Brisbane",Brisbane,Australia,1,MJ Santner,Mitchell Santner,4,0,25,1,6.25,8,2,0,0,0,False,https://www.espncricinfo.com/ci/content/player/502714.html
2022,1298167,ENG v NZ,ENG,NZ,NZ,"Brisbane Cricket Ground, Woolloongabba, Brisbane",Brisbane,Australia,1,LH Ferguson,Lockie Ferguson,4,0,45,2,11.25,6,4,2,0,1,False,https://www.espncricinfo.com/ci/content/player/493773.html
2022,1298167,ENG v NZ,ENG,NZ,NZ,"Brisbane Cricket Ground, Woolloongabba, Brisbane",Brisbane,Australia,1,IS Sodhi,Ish Sodhi,4,0,23,1,5.75,10,2,0,0,0,False,https://www.espncricinfo.com/ci/content/player/559066.html
2022,1298167,ENG v NZ,ENG,NZ,ENG,"Brisbane Cricket Ground, Woolloongabba, Brisbane",Brisbane,Australia,2,MM Ali,Moeen Ali,1,0,4,0,4.00,3,0,0,0,0,False,https://www.espncricinfo.com/ci/content/player/8917.html
2022,1298167,ENG v NZ,ENG,NZ,ENG,"Brisbane Cricket Ground, Woolloongabba, Brisbane",Brisbane,Australia,2,CR Woakes,Chris Woakes,4,0,33,2,8.25,9,1,2,1,0,False,https://www.espncricinfo.com/ci/content/player/247235.html
2022,1298167,ENG v NZ,ENG,NZ,ENG,"Brisbane Cricket Ground, Woolloongabba, Brisbane",Brisbane,Australia,2,AU Rashid,Adil Rashid,4,0,33,0,8.25,6,0,2,0,0,False,https://www.espncricinfo.com/ci/content/player/244497.html
2022,1298167,ENG v NZ,ENG,NZ,ENG,"Brisbane Cricket Ground, Woolloongabba, Brisbane",Brisbane,Australia,2,SM Curran,Sam Curran,4,0,26,2,6.50,9,0,0,2,0,False,https://www.espncricinfo.com/ci/content/player/662973.html
2022,1298167,ENG v NZ,ENG,NZ,ENG,"Brisbane Cricket Ground, Woolloongabba, Brisbane",Brisbane,Australia,2,MA Wood,Mark Wood,3,0,25,1,8.33,8,2,1,1,0,False,https://www.espncricinfo.com/ci/content/player/351588.html
2022,1298167,ENG v NZ,ENG,NZ,ENG,"Brisbane Cricket Ground, Woolloongabba, Brisbane",Brisbane,Australia,2,LS Livingstone,Liam Livingstone,3,0,26,0,8.66,4,3,0,0,0,False,https://www.espncricinfo.com/ci/content/player/403902.html
2022,1298167,ENG v NZ,ENG,NZ,ENG,"Brisbane Cricket Ground, Woolloongabba, Brisbane",Brisbane,Australia,2,BA Stokes,Ben Stokes,1,0,10,1,10.00,2,2,0,0,0,False,https://www.espncricinfo.com/ci/content/player/311158.html
2022,1298166,AFG v SL,AFG,SL,SL,"Brisbane Cricket Ground, Woolloongabba, Brisbane",Brisbane,Australia,1,CAK Rajitha,Kasun Rajitha,4,0,31,1,7.75,11,2,1,1,1,False,https://www.espncricinfo.com/ci/content/player/499594.html
2022,1298166,AFG v SL,AFG,SL,SL,"Brisbane Cricket Ground, Woolloongabba, Brisbane",Brisbane,Australia,1,Pramod Madushan,Pramod Madushan,3,0,24,0,8.00,7,2,1,0,0,False,https://www.espncricinfo.com/ci/content/player/826689.html
2022,1298166,AFG v SL,AFG,SL,SL,"Brisbane Cricket Ground, Woolloongabba, Brisbane",Brisbane,Australia,1,CBRLS Kumara,Lahiru Kumara,4,0,30,2,7.50,12,2,1,4,0,False,https://www.espncricinfo.com/ci/content/player/784375.html
2022,1298166,AFG v SL,AFG,SL,SL,"Brisbane Cricket Ground, Woolloongabba, Brisbane",Brisbane,Australia,1,M Theekshana,Maheesh Theekshana,4,0,33,0,8.25,5,1,1,1,0,False,https://www.espncricinfo.com/ci/content/player/1138316.html
2022,1298166,AFG v SL,AFG,SL,SL,"Brisbane Cricket Ground, Woolloongabba, Brisbane",Brisbane,Australia,1,PWH de Silva,Wanindu Hasaranga de Silva,4,0,13,3,3.25,12,0,0,0,0,False,https://www.espncricinfo.com/ci/content/player/784379.html
2022,1298166,AFG v SL,AFG,SL,SL,"Brisbane Cricket Ground, Woolloongabba, Brisbane",Brisbane,Australia,1,DM de Silva,Dhananjaya de Silva,1,0,9,1,9.00,1,1,0,0,0,False,https://www.espncricinfo.com/ci/content/player/465793.html
2022,1298166,AFG v SL,AFG,SL,AFG,"Brisbane Cricket Ground, Woolloongabba, Brisbane",Brisbane,Australia,2,Fazalhaq Farooqi,Fazalhaq Farooqi,3.3,1,22,0,6.28,11,3,0,1,0,False,https://www.espncricinfo.com/ci/content/player/974175.html
2022,1298166,AFG v SL,AFG,SL,AFG,"Brisbane Cricket Ground, Woolloongabba, Brisbane",Brisbane,Australia,2,Mujeeb Ur Rahman,Mujeeb Ur Rahman,4,0,24,2,6.00,12,3,0,0,0,False,https://www.espncricinfo.com/ci/content/player/974109.html
2022,1298166,AFG v SL,AFG,SL,AFG,"Brisbane Cricket Ground, Woolloongabba, Brisbane",Brisbane,Australia,2,Fareed Ahmad,Fareed Ahmad,2,0,25,0,12.50,3,3,1,1,0,False,https://www.espncricinfo.com/ci/content/player/568136.html
2022,1298166,AFG v SL,AFG,SL,AFG,"Brisbane Cricket Ground, Woolloongabba, Brisbane",Brisbane,Australia,2,Rashid Khan,Rashid Khan,4,0,31,2,7.75,10,2,1,1,0,False,https://www.espncricinfo.com/ci/content/player/793463.html
2022,1298166,AFG v SL,AFG,SL,AFG,"Brisbane Cricket Ground, Woolloongabba, Brisbane",Brisbane,Australia,2,Azmatullah Omarzai,Azmatullah Omarzai,2,0,17,0,8.50,2,1,0,1,0,False,https://www.espncricinfo.com/ci/content/player/819429.html
2022,1298166,AFG v SL,AFG,SL,AFG,"Brisbane Cricket Ground, Woolloongabba, Brisbane",Brisbane,Australia,2,Mohammad Nabi,Mohammad Nabi,2,0,16,0,8.00,2,0,1,0,0,True,https://www.espncricinfo.com/ci/content/player/25913.html
2022,1298166,AFG v SL,AFG,SL,AFG,"Brisbane Cricket Ground, Woolloongabba, Brisbane",Brisbane,Australia,2,Gulbadin Naib,Gulbadin Naib,1,0,12,0,12.00,1,2,0,0,0,False,https://www.espncricinfo.com/ci/content/player/352048.html
2022,1298165,AUS v IRE,AUS,IRE,IRE,"Brisbane Cricket Ground, Woolloongabba, Brisbane",Brisbane,Australia,1,JB Little,Josh Little,4,0,21,2,5.25,13,2,0,2,0,False,https://www.espncricinfo.com/ci/content/player/928067.html
2022,1298165,AUS v IRE,AUS,IRE,IRE,"Brisbane Cricket Ground, Woolloongabba, Brisbane",Brisbane,Australia,1,MR Adair,Mark Adair,4,0,59,0,14.75,6,7,2,6,0,False,https://www.espncricinfo.com/ci/content/player/526441.html
2022,1298165,AUS v IRE,AUS,IRE,IRE,"Brisbane Cricket Ground, Woolloongabba, Brisbane",Brisbane,Australia,1,BJ McCarthy,Barry McCarthy,4,0,29,3,7.25,7,2,0,1,0,False,https://www.espncricinfo.com/ci/content/player/348059.html
2022,1298165,AUS v IRE,AUS,IRE,IRE,"Brisbane Cricket Ground, Woolloongabba, Brisbane",Brisbane,Australia,1,GJ Delany,Gareth Delany,3,0,29,0,9.66,10,2,2,2,0,False,https://www.espncricinfo.com/ci/content/player/1099379.html
2022,1298165,AUS v IRE,AUS,IRE,IRE,"Brisbane Cricket Ground, Woolloongabba, Brisbane",Brisbane,Australia,1,F Hand,Fionn Hand,1,0,15,0,15.00,2,0,2,1,0,False,https://www.espncricinfo.com/ci/content/player/1099225.html
2022,1298165,AUS v IRE,AUS,IRE,IRE,"Brisbane Cricket Ground, Woolloongabba, Brisbane",Brisbane,Australia,1,GH Dockrell,George Dockrell,4,0,24,0,6.00,8,0,1,0,0,False,https://www.espncricinfo.com/ci/content/player/348034.html
2022,1298165,AUS v IRE,AUS,IRE,AUS,"Brisbane Cricket Ground, Woolloongabba, Brisbane",Brisbane,Australia,2,JR Hazlewood,Josh Hazlewood,3,0,24,0,8.00,8,1,2,1,0,False,https://www.espncricinfo.com/ci/content/player/288284.html
2022,1298165,AUS v IRE,AUS,IRE,AUS,"Brisbane Cricket Ground, Woolloongabba, Brisbane",Brisbane,Australia,2,PJ Cummins,Pat Cummins,4,0,28,2,7.00,14,3,1,1,0,False,https://www.espncricinfo.com/ci/content/player/489889.html
2022,1298165,AUS v IRE,AUS,IRE,AUS,"Brisbane Cricket Ground, Woolloongabba, Brisbane",Brisbane,Australia,2,GJ Maxwell,Glenn Maxwell,2.1,0,14,2,6.46,6,2,0,0,0,False,https://www.espncricinfo.com/ci/content/player/325026.html
2022,1298165,AUS v IRE,AUS,IRE,AUS,"Brisbane Cricket Ground, Woolloongabba, Brisbane",Brisbane,Australia,2,MA Starc,Mitchell Starc,4,1,43,2,10.75,11,8,0,2,1,False,https://www.espncricinfo.com/ci/content/player/311592.html
2022,1298165,AUS v IRE,AUS,IRE,AUS,"Brisbane Cricket Ground, Woolloongabba, Brisbane",Brisbane,Australia,2,A Zampa,Adam Zampa,4,0,19,2,4.75,9,1,0,0,0,False,https://www.espncricinfo.com/ci/content/player/379504.html
2022,1298165,AUS v IRE,AUS,IRE,AUS,"Brisbane Cricket Ground, Woolloongabba, Brisbane",Brisbane,Australia,2,MP Stoinis,Marcus Stoinis,1,0,6,1,6.00,2,0,0,0,0,False,https://www.espncricinfo.com/ci/content/player/325012.html
2022,1298164,INDIA v SA,INDIA,SA,SA,Perth Stadium,Perth,Australia,1,WD Parnell,Wayne Parnell,4,1,15,3,3.75,16,0,1,0,0,False,https://www.espncricinfo.com/ci/content/player/265564.html
2022,1298164,INDIA v SA,INDIA,SA,SA,Perth Stadium,Perth,Australia,1,K Rabada,Kagiso Rabada,4,0,26,0,6.50,13,2,1,1,0,False,https://www.espncricinfo.com/ci/content/player/550215.html
2022,1298164,INDIA v SA,INDIA,SA,SA,Perth Stadium,Perth,Australia,1,L Ngidi,Lungi Ngidi,4,0,29,4,7.25,10,3,1,0,0,False,https://www.espncricinfo.com/ci/content/player/542023.html
2022,1298164,INDIA v SA,INDIA,SA,SA,Perth Stadium,Perth,Australia,1,A Nortje,Anrich Nortje,4,0,23,1,5.75,12,1,1,0,0,False,https://www.espncricinfo.com/ci/content/player/481979.html
2022,1298164,INDIA v SA,INDIA,SA,SA,Perth Stadium,Perth,Australia,1,KA Maharaj,Keshav Maharaj,3,0,28,0,9.33,5,3,1,0,0,False,https://www.espncricinfo.com/ci/content/player/267724.html
2022,1298164,INDIA v SA,INDIA,SA,SA,Perth Stadium,Perth,Australia,1,AK Markram,Aiden Markram,1,0,5,0,5.00,1,0,0,0,0,False,https://www.espncricinfo.com/ci/content/player/600498.html
2022,1298164,INDIA v SA,INDIA,SA,INDIA,Perth Stadium,Perth,Australia,2,B Kumar,Bhuvneshwar Kumar,3.4,0,21,0,5.72,13,2,1,0,0,False,https://www.espncricinfo.com/ci/content/player/326016.html
2022,1298164,INDIA v SA,INDIA,SA,INDIA,Perth Stadium,Perth,Australia,2,Arshdeep Singh,Arshdeep Singh,4,0,25,2,6.25,13,4,0,1,0,False,https://www.espncricinfo.com/ci/content/player/1125976.html
2022,1298164,INDIA v SA,INDIA,SA,INDIA,Perth Stadium,Perth,Australia,2,Mohammed Shami,Mohammed Shami,4,0,13,1,3.25,15,1,0,0,0,False,https://www.espncricinfo.com/ci/content/player/481896.html
2022,1298164,INDIA v SA,INDIA,SA,INDIA,Perth Stadium,Perth,Australia,2,HH Pandya,Hardik Pandya,4,0,29,1,7.25,8,3,0,0,0,False,https://www.espncricinfo.com/ci/content/player/625371.html
2022,1298164,INDIA v SA,INDIA,SA,INDIA,Perth Stadium,Perth,Australia,2,R Ashwin,Ravichandran Ashwin,4,0,43,1,10.75,5,1,4,0,0,False,https://www.espncricinfo.com/ci/content/player/26421.html
2022,1298163,NED v PAK,NED,PAK,PAK,Perth Stadium,Perth,Australia,1,Shaheen Shah Afridi,Shaheen Shah Afridi,4,0,19,1,4.75,13,1,0,1,0,False,https://www.espncricinfo.com/ci/content/player/1072470.html
2022,1298163,NED v PAK,NED,PAK,PAK,Perth Stadium,Perth,Australia,1,Naseem Shah,Naseem Shah,4,0,11,1,2.75,15,0,0,0,0,False,https://www.espncricinfo.com/ci/content/player/1158088.html
2022,1298163,NED v PAK,NED,PAK,PAK,Perth Stadium,Perth,Australia,1,Mohammad Wasim(1),Mohammad Wasim,3,0,15,2,5.00,10,1,0,1,0,False,https://www.espncricinfo.com/ci/content/player/1185538.html
2022,1298163,NED v PAK,NED,PAK,PAK,Perth Stadium,Perth,Australia,1,Haris Rauf,Haris Rauf,3,0,10,1,3.33,11,1,0,0,0,False,https://www.espncricinfo.com/ci/content/player/1161606.html
2022,1298163,NED v PAK,NED,PAK,PAK,Perth Stadium,Perth,Australia,1,Shadab Khan,Shadab Khan,4,0,22,3,5.50,11,2,0,0,0,False,https://www.espncricinfo.com/ci/content/player/922943.html
2022,1298163,NED v PAK,NED,PAK,PAK,Perth Stadium,Perth,Australia,1,Mohammad Nawaz(3),Mohammad Nawaz,2,0,11,0,5.50,3,0,0,0,0,False,https://www.espncricinfo.com/ci/content/player/348148.html
2022,1298163,NED v PAK,NED,PAK,NED,Perth Stadium,Perth,Australia,2,FJ Klaassen,Fred Klaassen,3,0,26,0,8.66,4,3,0,0,0,False,https://www.espncricinfo.com/ci/content/player/1104703.html
2022,1298163,NED v PAK,NED,PAK,NED,Perth Stadium,Perth,Australia,2,PA van Meekeren,Paul van Meekeren,4,0,19,1,4.75,15,2,0,0,0,False,https://www.espncricinfo.com/ci/content/player/348109.html
2022,1298163,NED v PAK,NED,PAK,NED,Perth Stadium,Perth,Australia,2,BD Glover,Brandon Glover,2.5,0,22,2,7.76,9,3,0,0,0,False,https://www.espncricinfo.com/ci/content/player/595419.html
2022,1298163,NED v PAK,NED,PAK,NED,Perth Stadium,Perth,Australia,2,TJG Pringle,Tim Pringle,1,0,12,0,12.00,1,2,0,0,0,False,https://www.espncricinfo.com/ci/content/player/1193548.html
2022,1298163,NED v PAK,NED,PAK,NED,Perth Stadium,Perth,Australia,2,LV van Beek,Logan van Beek,2,0,9,0,4.50,5,0,0,0,0,False,https://www.espncricinfo.com/ci/content/player/440522.html
2022,1298163,NED v PAK,NED,PAK,NED,Perth Stadium,Perth,Australia,2,RE van der Merwe,Roelof van der Merwe,1,0,7,0,7.00,1,0,0,0,0,False,https://www.espncricinfo.com/ci/content/player/47850.html
2022,1298162,BAN v ZIM,BAN,ZIM,ZIM,"Brisbane Cricket Ground, Woolloongabba, Brisbane",Brisbane,Australia,1,R Ngarava,Richard Ngarava,4,0,24,2,6.00,11,2,0,2,0,False,https://www.espncricinfo.com/ci/content/player/806241.html
2022,1298162,BAN v ZIM,BAN,ZIM,ZIM,"Brisbane Cricket Ground, Woolloongabba, Brisbane",Brisbane,Australia,1,B Muzarabani,Blessing Muzarabani,2,0,13,2,6.50,8,3,0,0,0,False,https://www.espncricinfo.com/ci/content/player/827051.html
2022,1298162,BAN v ZIM,BAN,ZIM,ZIM,"Brisbane Cricket Ground, Woolloongabba, Brisbane",Brisbane,Australia,1,TL Chatara,Tendai Chatara,3,0,18,0,6.00,7,1,0,0,0,False,https://www.espncricinfo.com/ci/content/player/425639.html
2022,1298162,BAN v ZIM,BAN,ZIM,ZIM,"Brisbane Cricket Ground, Woolloongabba, Brisbane",Brisbane,Australia,1,Sikandar Raza,Sikandar Raza,4,0,35,1,8.75,2,2,1,0,0,False,https://www.espncricinfo.com/ci/content/player/299572.html
2022,1298162,BAN v ZIM,BAN,ZIM,ZIM,"Brisbane Cricket Ground, Woolloongabba, Brisbane",Brisbane,Australia,1,B Evans,Brad Evans,3,0,32,0,10.66,2,3,1,1,0,False,https://www.espncricinfo.com/ci/content/player/696127.html
2022,1298162,BAN v ZIM,BAN,ZIM,ZIM,"Brisbane Cricket Ground, Woolloongabba, Brisbane",Brisbane,Australia,1,W Madhevere,Wessly Madhevere,2,0,18,0,9.00,0,1,0,0,0,False,https://www.espncricinfo.com/ci/content/player/938959.html
2022,1298162,BAN v ZIM,BAN,ZIM,ZIM,"Brisbane Cricket Ground, Woolloongabba, Brisbane",Brisbane,Australia,1,SC Williams,Sean Williams,2,0,10,1,5.00,4,0,0,1,0,False,https://www.espncricinfo.com/ci/content/player/55870.html
2022,1298162,BAN v ZIM,BAN,ZIM,BAN,"Brisbane Cricket Ground, Woolloongabba, Brisbane",Brisbane,Australia,2,Taskin Ahmed,Taskin Ahmed,4,1,19,3,4.75,15,3,0,0,0,False,https://www.espncricinfo.com/ci/content/player/538506.html
2022,1298162,BAN v ZIM,BAN,ZIM,BAN,"Brisbane Cricket Ground, Woolloongabba, Brisbane",Brisbane,Australia,2,Hasan Mahmud,Hasan Mahmud,4,0,36,0,9.00,8,5,0,3,0,False,https://www.espncricinfo.com/ci/content/player/926629.html
2022,1298162,BAN v ZIM,BAN,ZIM,BAN,"Brisbane Cricket Ground, Woolloongabba, Brisbane",Brisbane,Australia,2,Mosaddek Hossain,Mosaddek Hossain,4,0,34,2,8.50,11,3,2,0,1,False,https://www.espncricinfo.com/ci/content/player/550133.html
2022,1298162,BAN v ZIM,BAN,ZIM,BAN,"Brisbane Cricket Ground, Woolloongabba, Brisbane",Brisbane,Australia,2,Mustafizur Rahman,Mustafizur Rahman,4,0,15,2,3.75,11,0,0,0,0,False,https://www.espncricinfo.com/ci/content/player/330902.html
2022,1298162,BAN v ZIM,BAN,ZIM,BAN,"Brisbane Cricket Ground, Woolloongabba, Brisbane",Brisbane,Australia,2,Shakib Al Hasan,Shakib Al Hasan,4,0,34,0,8.50,5,3,0,0,0,True,https://www.espncricinfo.com/ci/content/player/56143.html
2022,1298161,NZ v SL,NZ,SL,SL,Sydney Cricket Ground,Sydney,Australia,1,M Theekshana,Maheesh Theekshana,4,0,35,1,8.75,7,2,2,1,0,False,https://www.espncricinfo.com/ci/content/player/1138316.html
2022,1298161,NZ v SL,NZ,SL,SL,Sydney Cricket Ground,Sydney,Australia,1,CAK Rajitha,Kasun Rajitha,4,0,23,2,5.75,16,3,0,1,2,False,https://www.espncricinfo.com/ci/content/player/499594.html
2022,1298161,NZ v SL,NZ,SL,SL,Sydney Cricket Ground,Sydney,Australia,1,DM de Silva,Dhananjaya de Silva,2,0,14,1,7.00,4,1,0,0,0,False,https://www.espncricinfo.com/ci/content/player/465793.html
2022,1298161,NZ v SL,NZ,SL,SL,Sydney Cricket Ground,Sydney,Australia,1,PWH de Silva,Wanindu Hasaranga de Silva,4,0,22,1,5.50,9,1,0,0,0,False,https://www.espncricinfo.com/ci/content/player/784379.html
2022,1298161,NZ v SL,NZ,SL,SL,Sydney Cricket Ground,Sydney,Australia,1,CBRLS Kumara,Lahiru Kumara,3,0,37,1,12.33,2,2,2,2,1,False,https://www.espncricinfo.com/ci/content/player/784375.html
2022,1298161,NZ v SL,NZ,SL,SL,Sydney Cricket Ground,Sydney,Australia,1,C Karunaratne,Chamika Karunaratne,3,0,34,0,11.33,5,3,1,1,0,False,https://www.espncricinfo.com/ci/content/player/623695.html
2022,1298161,NZ v SL,NZ,SL,NZ,Sydney Cricket Ground,Sydney,Australia,2,TG Southee,Tim Southee,4,1,12,1,3.00,18,0,1,1,0,False,https://www.espncricinfo.com/ci/content/player/232364.html
2022,1298161,NZ v SL,NZ,SL,NZ,Sydney Cricket Ground,Sydney,Australia,2,TA Boult,Trent Boult,4,0,13,4,3.25,18,1,0,1,0,False,https://www.espncricinfo.com/ci/content/player/277912.html
2022,1298161,NZ v SL,NZ,SL,NZ,Sydney Cricket Ground,Sydney,Australia,2,LH Ferguson,Lockie Ferguson,4,0,35,1,8.75,11,4,1,3,0,False,https://www.espncricinfo.com/ci/content/player/493773.html
2022,1298161,NZ v SL,NZ,SL,NZ,Sydney Cricket Ground,Sydney,Australia,2,MJ Santner,Mitchell Santner,4,0,21,2,5.25,13,3,0,0,0,False,https://www.espncricinfo.com/ci/content/player/502714.html
2022,1298161,NZ v SL,NZ,SL,NZ,Sydney Cricket Ground,Sydney,Australia,2,IS Sodhi,Ish Sodhi,3.2,0,21,2,6.30,11,2,1,1,0,False,https://www.espncricinfo.com/ci/content/player/559066.html
2022,1298158,PAK v ZIM,ZIM,PAK,PAK,Perth Stadium,Perth,Australia,1,Shaheen Shah Afridi,Shaheen Shah Afridi,4,0,29,0,7.25,9,3,0,0,0,False,https://www.espncricinfo.com/ci/content/player/1072470.html
2022,1298158,PAK v ZIM,ZIM,PAK,PAK,Perth Stadium,Perth,Australia,1,Naseem Shah,Naseem Shah,4,0,34,0,8.50,7,4,0,2,0,False,https://www.espncricinfo.com/ci/content/player/1158088.html
2022,1298158,PAK v ZIM,ZIM,PAK,PAK,Perth Stadium,Perth,Australia,1,Mohammad Wasim(1),Mohammad Wasim,4,0,24,4,6.00,16,2,1,4,0,False,https://www.espncricinfo.com/ci/content/player/1185538.html
2022,1298158,PAK v ZIM,ZIM,PAK,PAK,Perth Stadium,Perth,Australia,1,Haris Rauf,Haris Rauf,4,1,12,1,3.00,15,0,0,0,0,False,https://www.espncricinfo.com/ci/content/player/1161606.html
2022,1298158,PAK v ZIM,ZIM,PAK,PAK,Perth Stadium,Perth,Australia,1,Shadab Khan,Shadab Khan,4,0,23,3,5.75,8,1,0,0,0,False,https://www.espncricinfo.com/ci/content/player/922943.html
2022,1298158,PAK v ZIM,ZIM,PAK,ZIM,Perth Stadium,Perth,Australia,2,R Ngarava,Richard Ngarava,4,0,24,0,6.00,15,2,1,2,0,False,https://www.espncricinfo.com/ci/content/player/806241.html
2022,1298158,PAK v ZIM,ZIM,PAK,ZIM,Perth Stadium,Perth,Australia,2,B Muzarabani,Blessing Muzarabani,4,0,18,1,4.50,11,1,0,0,0,False,https://www.espncricinfo.com/ci/content/player/827051.html
2022,1298158,PAK v ZIM,ZIM,PAK,ZIM,Perth Stadium,Perth,Australia,2,B Evans,Brad Evans,4,0,25,2,6.25,12,2,1,0,0,False,https://www.espncricinfo.com/ci/content/player/696127.html
2022,1298158,PAK v ZIM,ZIM,PAK,ZIM,Perth Stadium,Perth,Australia,2,Sikandar Raza,Sikandar Raza,4,0,25,3,6.25,13,2,1,2,0,False,https://www.espncricinfo.com/ci/content/player/299572.html
2022,1298158,PAK v ZIM,ZIM,PAK,ZIM,Perth Stadium,Perth,Australia,2,LM Jongwe,Luke Jongwe,1,0,10,1,10.00,2,2,0,0,0,False,https://www.espncricinfo.com/ci/content/player/541224.html
2022,1298158,PAK v ZIM,ZIM,PAK,ZIM,Perth Stadium,Perth,Australia,2,SC Williams,Sean Williams,2,0,15,0,7.50,1,0,0,1,0,False,https://www.espncricinfo.com/ci/content/player/55870.html
2022,1298158,PAK v ZIM,ZIM,PAK,ZIM,Perth Stadium,Perth,Australia,2,RP Burl,Ryan Burl,1,0,7,0,7.00,0,0,0,0,0,False,https://www.espncricinfo.com/ci/content/player/495964.html
2022,1298157,INDIA v NED,INDIA,NED,NED,Sydney Cricket Ground,Sydney,Australia,1,FJ Klaassen,Fred Klaassen,4,0,33,1,8.25,9,2,1,2,0,False,https://www.espncricinfo.com/ci/content/player/1104703.html
2022,1298157,INDIA v NED,INDIA,NED,NED,Sydney Cricket Ground,Sydney,Australia,1,TJG Pringle,Tim Pringle,4,0,30,0,7.50,6,3,0,0,0,False,https://www.espncricinfo.com/ci/content/player/1193548.html
2022,1298157,INDIA v NED,INDIA,NED,NED,Sydney Cricket Ground,Sydney,Australia,1,PA van Meekeren,Paul van Meekeren,4,0,32,1,8.00,9,3,1,0,0,False,https://www.espncricinfo.com/ci/content/player/348109.html
2022,1298157,INDIA v NED,INDIA,NED,NED,Sydney Cricket Ground,Sydney,Australia,1,BFW de Leede,Bas de Leede,3,0,33,0,11.00,6,5,1,1,0,False,https://www.espncricinfo.com/ci/content/player/1036191.html
2022,1298157,INDIA v NED,INDIA,NED,NED,Sydney Cricket Ground,Sydney,Australia,1,LV van Beek,Logan van Beek,4,0,45,0,11.25,3,2,3,0,0,False,https://www.espncricinfo.com/ci/content/player/440522.html
2022,1298157,INDIA v NED,INDIA,NED,NED,Sydney Cricket Ground,Sydney,Australia,1,Shariz Ahmad,Shariz Ahmad,1,0,5,0,5.00,2,0,0,0,0,False,https://www.espncricinfo.com/ci/content/player/1278252.html
2022,1298157,INDIA v NED,INDIA,NED,INDIA,Sydney Cricket Ground,Sydney,Australia,2,B Kumar,Bhuvneshwar Kumar,3,2,9,2,3.00,14,1,0,0,0,False,https://www.espncricinfo.com/ci/content/player/326016.html
2022,1298157,INDIA v NED,INDIA,NED,INDIA,Sydney Cricket Ground,Sydney,Australia,2,Arshdeep Singh,Arshdeep Singh,4,0,37,2,9.25,9,6,0,1,1,False,https://www.espncricinfo.com/ci/content/player/1125976.html
2022,1298157,INDIA v NED,INDIA,NED,INDIA,Sydney Cricket Ground,Sydney,Australia,2,Mohammed Shami,Mohammed Shami,4,0,27,1,6.75,10,2,0,0,0,False,https://www.espncricinfo.com/ci/content/player/481896.html
2022,1298157,INDIA v NED,INDIA,NED,INDIA,Sydney Cricket Ground,Sydney,Australia,2,AR Patel,Axar Patel,4,0,18,2,4.50,11,0,0,0,0,False,https://www.espncricinfo.com/ci/content/player/554691.html
2022,1298157,INDIA v NED,INDIA,NED,INDIA,Sydney Cricket Ground,Sydney,Australia,2,HH Pandya,Hardik Pandya,1,0,9,0,9.00,1,0,0,1,0,False,https://www.espncricinfo.com/ci/content/player/625371.html
2022,1298157,INDIA v NED,INDIA,NED,INDIA,Sydney Cricket Ground,Sydney,Australia,2,R Ashwin,Ravichandran Ashwin,4,0,21,2,5.25,13,1,1,1,0,False,https://www.espncricinfo.com/ci/content/player/26421.html
2022,1298156,BAN v SA,SA,BAN,BAN,Sydney Cricket Ground,Sydney,Australia,1,Taskin Ahmed,Taskin Ahmed,3,0,46,1,15.33,7,6,2,0,3,False,https://www.espncricinfo.com/ci/content/player/538506.html
2022,1298156,BAN v SA,SA,BAN,BAN,Sydney Cricket Ground,Sydney,Australia,1,Mehidy Hasan Miraz,Mehidy Hasan Miraz,3,0,32,0,10.66,4,2,2,0,0,False,https://www.espncricinfo.com/ci/content/player/629063.html
2022,1298156,BAN v SA,SA,BAN,BAN,Sydney Cricket Ground,Sydney,Australia,1,Hasan Mahmud,Hasan Mahmud,4,0,36,1,9.00,11,3,2,2,0,False,https://www.espncricinfo.com/ci/content/player/926629.html
2022,1298156,BAN v SA,SA,BAN,BAN,Sydney Cricket Ground,Sydney,Australia,1,Mustafizur Rahman,Mustafizur Rahman,4,0,25,0,6.25,7,1,1,0,0,False,https://www.espncricinfo.com/ci/content/player/330902.html
2022,1298156,BAN v SA,SA,BAN,BAN,Sydney Cricket Ground,Sydney,Australia,1,Mosaddek Hossain,Mosaddek Hossain,2,0,16,0,8.00,5,1,1,0,0,False,https://www.espncricinfo.com/ci/content/player/550133.html
2022,1298156,BAN v SA,SA,BAN,BAN,Sydney Cricket Ground,Sydney,Australia,1,Shakib Al Hasan,Shakib Al Hasan,3,0,33,2,11.00,7,1,3,0,1,True,https://www.espncricinfo.com/ci/content/player/56143.html
2022,1298156,BAN v SA,SA,BAN,BAN,Sydney Cricket Ground,Sydney,Australia,1,Afif Hossain,Afif Hossain,1,0,11,1,11.00,1,2,0,0,0,False,https://www.espncricinfo.com/ci/content/player/935995.html
2022,1298156,BAN v SA,SA,BAN,SA,Sydney Cricket Ground,Sydney,Australia,2,K Rabada,Kagiso Rabada,3,0,24,1,8.00,8,1,2,1,0,False,https://www.espncricinfo.com/ci/content/player/550215.html
2022,1298156,BAN v SA,SA,BAN,SA,Sydney Cricket Ground,Sydney,Australia,2,WD Parnell,Wayne Parnell,2,0,18,0,9.00,3,0,1,1,0,False,https://www.espncricinfo.com/ci/content/player/265564.html
2022,1298156,BAN v SA,SA,BAN,SA,Sydney Cricket Ground,Sydney,Australia,2,A Nortje,Anrich Nortje,3.3,0,10,4,2.85,16,1,0,0,0,False,https://www.espncricinfo.com/ci/content/player/481979.html
2022,1298156,BAN v SA,SA,BAN,SA,Sydney Cricket Ground,Sydney,Australia,2,KA Maharaj,Keshav Maharaj,4,0,24,1,6.00,6,1,0,0,0,False,https://www.espncricinfo.com/ci/content/player/267724.html
2022,1298156,BAN v SA,SA,BAN,SA,Sydney Cricket Ground,Sydney,Australia,2,T Shamsi,Tabraiz Shamsi,4,0,20,3,5.00,12,0,1,2,0,False,https://www.espncricinfo.com/ci/content/player/379145.html
2022,1298154,ENG v IRE,IRE,ENG,ENG,Melbourne Cricket Ground,Melbourne,Australia,1,BA Stokes,Ben Stokes,2.2,0,8,1,3.42,7,0,0,0,0,False,https://www.espncricinfo.com/ci/content/player/311158.html
2022,1298154,ENG v IRE,IRE,ENG,ENG,Melbourne Cricket Ground,Melbourne,Australia,1,CR Woakes,Chris Woakes,3,0,41,0,13.66,4,6,1,2,0,False,https://www.espncricinfo.com/ci/content/player/247235.html
2022,1298154,ENG v IRE,IRE,ENG,ENG,Melbourne Cricket Ground,Melbourne,Australia,1,MA Wood,Mark Wood,4,0,34,3,8.50,13,4,1,2,0,False,https://www.espncricinfo.com/ci/content/player/351588.html
2022,1298154,ENG v IRE,IRE,ENG,ENG,Melbourne Cricket Ground,Melbourne,Australia,1,SM Curran,Sam Curran,3,0,31,2,10.33,7,1,2,0,0,False,https://www.espncricinfo.com/ci/content/player/662973.html
2022,1298154,ENG v IRE,IRE,ENG,ENG,Melbourne Cricket Ground,Melbourne,Australia,1,AU Rashid,Adil Rashid,4,0,24,0,6.00,6,1,0,0,0,False,https://www.espncricinfo.com/ci/content/player/244497.html
2022,1298154,ENG v IRE,IRE,ENG,ENG,Melbourne Cricket Ground,Melbourne,Australia,1,LS Livingstone,Liam Livingstone,3,0,17,3,5.66,5,1,0,0,0,False,https://www.espncricinfo.com/ci/content/player/403902.html
2022,1298154,ENG v IRE,IRE,ENG,IRE,Melbourne Cricket Ground,Melbourne,Australia,2,JB Little,Josh Little,3,0,16,2,5.33,11,2,0,2,0,False,https://www.espncricinfo.com/ci/content/player/928067.html
2022,1298154,ENG v IRE,IRE,ENG,IRE,Melbourne Cricket Ground,Melbourne,Australia,2,MR Adair,Mark Adair,2,0,10,0,5.00,5,0,0,0,0,False,https://www.espncricinfo.com/ci/content/player/526441.html
2022,1298154,ENG v IRE,IRE,ENG,IRE,Melbourne Cricket Ground,Melbourne,Australia,2,BJ McCarthy,Barry McCarthy,3,0,20,1,6.66,7,1,0,3,0,False,https://www.espncricinfo.com/ci/content/player/348059.html
2022,1298154,ENG v IRE,IRE,ENG,IRE,Melbourne Cricket Ground,Melbourne,Australia,2,F Hand,Fionn Hand,2,0,17,1,8.50,6,1,0,4,0,False,https://www.espncricinfo.com/ci/content/player/1099225.html
2022,1298154,ENG v IRE,IRE,ENG,IRE,Melbourne Cricket Ground,Melbourne,Australia,2,GJ Delany,Gareth Delany,3.3,0,33,0,9.42,5,3,1,1,0,False,https://www.espncricinfo.com/ci/content/player/1099379.html
2022,1298154,ENG v IRE,IRE,ENG,IRE,Melbourne Cricket Ground,Melbourne,Australia,2,GH Dockrell,George Dockrell,1,0,5,1,5.00,2,0,0,0,0,False,https://www.espncricinfo.com/ci/content/player/348034.html
2022,1298153,AUS v SL,SL,AUS,AUS,Perth Stadium,Perth,Australia,1,JR Hazlewood,Josh Hazlewood,4,0,26,1,6.50,13,3,0,3,0,False,https://www.espncricinfo.com/ci/content/player/288284.html
2022,1298153,AUS v SL,SL,AUS,AUS,Perth Stadium,Perth,Australia,1,PJ Cummins,Pat Cummins,4,0,36,1,9.00,12,5,1,2,0,False,https://www.espncricinfo.com/ci/content/player/489889.html
2022,1298153,AUS v SL,SL,AUS,AUS,Perth Stadium,Perth,Australia,1,MA Starc,Mitchell Starc,4,0,23,1,5.75,13,1,0,1,0,False,https://www.espncricinfo.com/ci/content/player/311592.html
2022,1298153,AUS v SL,SL,AUS,AUS,Perth Stadium,Perth,Australia,1,AC Agar,Ashton Agar,4,0,25,1,6.25,8,1,0,1,0,False,https://www.espncricinfo.com/ci/content/player/505120.html
2022,1298153,AUS v SL,SL,AUS,AUS,Perth Stadium,Perth,Australia,1,MP Stoinis,Marcus Stoinis,2,0,17,0,8.50,1,1,0,1,0,False,https://www.espncricinfo.com/ci/content/player/325012.html
2022,1298153,AUS v SL,SL,AUS,AUS,Perth Stadium,Perth,Australia,1,MR Marsh,Mitchell Marsh,1,0,14,0,14.00,1,1,1,0,0,False,https://www.espncricinfo.com/ci/content/player/272450.html
2022,1298153,AUS v SL,SL,AUS,AUS,Perth Stadium,Perth,Australia,1,GJ Maxwell,Glenn Maxwell,1,0,5,1,5.00,2,0,0,0,0,False,https://www.espncricinfo.com/ci/content/player/325026.html
2022,1298153,AUS v SL,SL,AUS,SL,Perth Stadium,Perth,Australia,2,B Fernando,Binura Fernando,0.5,0,5,0,6.00,2,0,0,0,0,False,https://www.espncricinfo.com/ci/content/player/629080.html
2022,1298153,AUS v SL,SL,AUS,SL,Perth Stadium,Perth,Australia,2,DM de Silva,Dhananjaya de Silva,2.1,0,18,1,8.30,4,1,1,0,0,False,https://www.espncricinfo.com/ci/content/player/465793.html
2022,1298153,AUS v SL,SL,AUS,SL,Perth Stadium,Perth,Australia,2,CBRLS Kumara,Lahiru Kumara,3.3,0,22,0,6.28,15,0,1,3,0,False,https://www.espncricinfo.com/ci/content/player/784375.html
2022,1298153,AUS v SL,SL,AUS,SL,Perth Stadium,Perth,Australia,2,C Karunaratne,Chamika Karunaratne,3,0,20,1,6.66,5,1,0,1,0,False,https://www.espncricinfo.com/ci/content/player/623695.html
2022,1298153,AUS v SL,SL,AUS,SL,Perth Stadium,Perth,Australia,2,M Theekshana,Maheesh Theekshana,3,0,23,1,7.66,11,0,3,1,0,False,https://www.espncricinfo.com/ci/content/player/1138316.html
2022,1298153,AUS v SL,SL,AUS,SL,Perth Stadium,Perth,Australia,2,PWH de Silva,Wanindu Hasaranga de Silva,3,0,53,0,17.66,0,3,5,0,0,False,https://www.espncricinfo.com/ci/content/player/784379.html
2022,1298153,AUS v SL,SL,AUS,SL,Perth Stadium,Perth,Australia,2,MD Shanaka,Dasun Shanaka,1,0,10,0,10.00,2,2,0,0,0,True,https://www.espncricinfo.com/ci/content/player/437316.html
2022,1298152,SA v ZIM,ZIM,SA,SA,"Bellerive Oval, Hobart",Hobart,Australia,1,K Rabada,Kagiso Rabada,2,0,20,0,10.00,4,2,1,0,0,False,https://www.espncricinfo.com/ci/content/player/550215.html
2022,1298152,SA v ZIM,ZIM,SA,SA,"Bellerive Oval, Hobart",Hobart,Australia,1,WD Parnell,Wayne Parnell,2,0,6,1,3.00,9,1,0,0,0,False,https://www.espncricinfo.com/ci/content/player/265564.html
2022,1298152,SA v ZIM,ZIM,SA,SA,"Bellerive Oval, Hobart",Hobart,Australia,1,L Ngidi,Lungi Ngidi,2,0,20,2,10.00,6,2,1,2,0,False,https://www.espncricinfo.com/ci/content/player/542023.html
2022,1298152,SA v ZIM,ZIM,SA,SA,"Bellerive Oval, Hobart",Hobart,Australia,1,KA Maharaj,Keshav Maharaj,1,0,10,0,10.00,1,1,0,0,0,False,https://www.espncricinfo.com/ci/content/player/267724.html
2022,1298152,SA v ZIM,ZIM,SA,SA,"Bellerive Oval, Hobart",Hobart,Australia,1,A Nortje,Anrich Nortje,2,0,10,1,5.00,5,0,0,0,0,False,https://www.espncricinfo.com/ci/content/player/481979.html
2022,1298152,SA v ZIM,ZIM,SA,ZIM,"Bellerive Oval, Hobart",Hobart,Australia,2,TL Chatara,Tendai Chatara,1,0,23,0,23.00,0,4,1,0,0,False,https://www.espncricinfo.com/ci/content/player/425639.html
2022,1298152,SA v ZIM,ZIM,SA,ZIM,"Bellerive Oval, Hobart",Hobart,Australia,2,R Ngarava,Richard Ngarava,1,0,17,0,17.00,2,4,0,0,1,False,https://www.espncricinfo.com/ci/content/player/806241.html
2022,1298152,SA v ZIM,ZIM,SA,ZIM,"Bellerive Oval, Hobart",Hobart,Australia,2,Sikandar Raza,Sikandar Raza,1,0,11,0,11.00,1,0,0,0,1,False,https://www.espncricinfo.com/ci/content/player/299572.html
2022,1298151,BAN v NED,BAN,NED,NED,"Bellerive Oval, Hobart",Hobart,Australia,1,FJ Klaassen,Fred Klaassen,4,0,33,1,8.25,10,5,0,3,0,False,https://www.espncricinfo.com/ci/content/player/1104703.html
2022,1298151,BAN v NED,BAN,NED,NED,"Bellerive Oval, Hobart",Hobart,Australia,1,CN Ackermann,Colin Ackermann,1,0,4,0,4.00,2,0,0,0,0,False,https://www.espncricinfo.com/ci/content/player/379774.html
2022,1298151,BAN v NED,BAN,NED,NED,"Bellerive Oval, Hobart",Hobart,Australia,1,PA van Meekeren,Paul van Meekeren,4,0,21,2,5.25,10,1,0,0,0,False,https://www.espncricinfo.com/ci/content/player/348109.html
2022,1298151,BAN v NED,BAN,NED,NED,"Bellerive Oval, Hobart",Hobart,Australia,1,BFW de Leede,Bas de Leede,3,0,29,2,9.66,9,3,1,3,0,False,https://www.espncricinfo.com/ci/content/player/1036191.html
2022,1298151,BAN v NED,BAN,NED,NED,"Bellerive Oval, Hobart",Hobart,Australia,1,TJG Pringle,Tim Pringle,2,0,10,1,5.00,4,0,0,0,0,False,https://www.espncricinfo.com/ci/content/player/1193548.html
2022,1298151,BAN v NED,BAN,NED,NED,"Bellerive Oval, Hobart",Hobart,Australia,1,Shariz Ahmad,Shariz Ahmad,3,0,27,1,9.00,5,1,2,0,0,False,https://www.espncricinfo.com/ci/content/player/1278252.html
2022,1298151,BAN v NED,BAN,NED,NED,"Bellerive Oval, Hobart",Hobart,Australia,1,LV van Beek,Logan van Beek,3,0,12,1,4.00,7,0,0,1,0,False,https://www.espncricinfo.com/ci/content/player/440522.html
2022,1298151,BAN v NED,BAN,NED,BAN,"Bellerive Oval, Hobart",Hobart,Australia,2,Taskin Ahmed,Taskin Ahmed,4,0,25,4,6.25,16,5,0,0,0,False,https://www.espncricinfo.com/ci/content/player/538506.html
2022,1298151,BAN v NED,BAN,NED,BAN,"Bellerive Oval, Hobart",Hobart,Australia,2,Hasan Mahmud,Hasan Mahmud,4,1,15,2,3.75,16,2,0,0,0,False,https://www.espncricinfo.com/ci/content/player/926629.html
2022,1298151,BAN v NED,BAN,NED,BAN,"Bellerive Oval, Hobart",Hobart,Australia,2,Shakib Al Hasan,Shakib Al Hasan,4,0,32,1,8.00,6,0,2,1,0,True,https://www.espncricinfo.com/ci/content/player/56143.html
2022,1298151,BAN v NED,BAN,NED,BAN,"Bellerive Oval, Hobart",Hobart,Australia,2,Mustafizur Rahman,Mustafizur Rahman,4,0,20,0,5.00,14,2,0,2,0,False,https://www.espncricinfo.com/ci/content/player/330902.html
2022,1298151,BAN v NED,BAN,NED,BAN,"Bellerive Oval, Hobart",Hobart,Australia,2,Soumya Sarkar,Soumya Sarkar,3,0,29,1,9.66,5,2,1,1,0,False,https://www.espncricinfo.com/ci/content/player/436677.html
2022,1298151,BAN v NED,BAN,NED,BAN,"Bellerive Oval, Hobart",Hobart,Australia,2,Mosaddek Hossain,Mosaddek Hossain,1,0,14,0,14.00,0,0,1,0,1,False,https://www.espncricinfo.com/ci/content/player/550133.html
2022,1298150,INDIA v PAK,PAK,INDIA,INDIA,Melbourne Cricket Ground,Melbourne,Australia,1,B Kumar,Bhuvneshwar Kumar,4,0,22,1,5.50,17,1,1,3,0,False,https://www.espncricinfo.com/ci/content/player/326016.html
2022,1298150,INDIA v PAK,PAK,INDIA,INDIA,Melbourne Cricket Ground,Melbourne,Australia,1,Arshdeep Singh,Arshdeep Singh,4,0,32,3,8.00,10,3,1,1,0,False,https://www.espncricinfo.com/ci/content/player/1125976.html
2022,1298150,INDIA v PAK,PAK,INDIA,INDIA,Melbourne Cricket Ground,Melbourne,Australia,1,Mohammed Shami,Mohammed Shami,4,0,25,1,6.25,14,4,0,1,0,False,https://www.espncricinfo.com/ci/content/player/481896.html
2022,1298150,INDIA v PAK,PAK,INDIA,INDIA,Melbourne Cricket Ground,Melbourne,Australia,1,HH Pandya,Hardik Pandya,4,0,30,3,7.50,10,4,0,0,0,False,https://www.espncricinfo.com/ci/content/player/625371.html
2022,1298150,INDIA v PAK,PAK,INDIA,INDIA,Melbourne Cricket Ground,Melbourne,Australia,1,R Ashwin,Ravichandran Ashwin,3,0,23,0,7.66,5,0,1,1,0,False,https://www.espncricinfo.com/ci/content/player/26421.html
2022,1298150,INDIA v PAK,PAK,INDIA,INDIA,Melbourne Cricket Ground,Melbourne,Australia,1,AR Patel,Axar Patel,1,0,21,0,21.00,2,0,3,0,0,False,https://www.espncricinfo.com/ci/content/player/554691.html
2022,1298150,INDIA v PAK,PAK,INDIA,PAK,Melbourne Cricket Ground,Melbourne,Australia,2,Shaheen Shah Afridi,Shaheen Shah Afridi,4,0,34,0,8.50,7,4,0,1,0,False,https://www.espncricinfo.com/ci/content/player/1072470.html
2022,1298150,INDIA v PAK,PAK,INDIA,PAK,Melbourne Cricket Ground,Melbourne,Australia,2,Naseem Shah,Naseem Shah,4,0,23,1,5.75,10,1,0,0,0,False,https://www.espncricinfo.com/ci/content/player/1158088.html
2022,1298150,INDIA v PAK,PAK,INDIA,PAK,Melbourne Cricket Ground,Melbourne,Australia,2,Haris Rauf,Haris Rauf,4,0,36,2,9.00,11,2,2,1,0,False,https://www.espncricinfo.com/ci/content/player/1161606.html
2022,1298150,INDIA v PAK,PAK,INDIA,PAK,Melbourne Cricket Ground,Melbourne,Australia,2,Shadab Khan,Shadab Khan,4,0,21,0,5.25,10,2,0,0,0,False,https://www.espncricinfo.com/ci/content/player/922943.html
2022,1298150,INDIA v PAK,PAK,INDIA,PAK,Melbourne Cricket Ground,Melbourne,Australia,2,Mohammad Nawaz(3),Mohammad Nawaz,4,0,42,2,10.50,8,0,4,2,1,False,https://www.espncricinfo.com/ci/content/player/348148.html
2022,1298149,IRE v SL,IRE,SL,SL,"Bellerive Oval, Hobart",Hobart,Australia,1,B Fernando,Binura Fernando,4,0,27,1,6.75,10,3,0,1,0,False,https://www.espncricinfo.com/ci/content/player/629080.html
2022,1298149,IRE v SL,IRE,SL,SL,"Bellerive Oval, Hobart",Hobart,Australia,1,CBRLS Kumara,Lahiru Kumara,2,0,12,1,6.00,6,2,0,0,0,False,https://www.espncricinfo.com/ci/content/player/784375.html
2022,1298149,IRE v SL,IRE,SL,SL,"Bellerive Oval, Hobart",Hobart,Australia,1,M Theekshana,Maheesh Theekshana,4,0,19,2,4.75,8,1,0,0,0,False,https://www.espncricinfo.com/ci/content/player/1138316.html
2022,1298149,IRE v SL,IRE,SL,SL,"Bellerive Oval, Hobart",Hobart,Australia,1,C Karunaratne,Chamika Karunaratne,4,0,29,1,7.25,7,2,1,0,0,False,https://www.espncricinfo.com/ci/content/player/623695.html
2022,1298149,IRE v SL,IRE,SL,SL,"Bellerive Oval, Hobart",Hobart,Australia,1,PWH de Silva,Wanindu Hasaranga de Silva,4,0,25,2,6.25,6,0,1,0,0,False,https://www.espncricinfo.com/ci/content/player/784379.html
2022,1298149,IRE v SL,IRE,SL,SL,"Bellerive Oval, Hobart",Hobart,Australia,1,DM de Silva,Dhananjaya de Silva,2,0,13,1,6.50,3,1,0,0,0,False,https://www.espncricinfo.com/ci/content/player/465793.html
2022,1298149,IRE v SL,IRE,SL,IRE,"Bellerive Oval, Hobart",Hobart,Australia,2,JB Little,Josh Little,4,0,45,0,11.25,5,4,1,1,0,False,https://www.espncricinfo.com/ci/content/player/928067.html
2022,1298149,IRE v SL,IRE,SL,IRE,"Bellerive Oval, Hobart",Hobart,Australia,2,MR Adair,Mark Adair,2,0,16,0,8.00,2,1,0,0,0,False,https://www.espncricinfo.com/ci/content/player/526441.html
2022,1298149,IRE v SL,IRE,SL,IRE,"Bellerive Oval, Hobart",Hobart,Australia,2,BJ McCarthy,Barry McCarthy,2,0,16,0,8.00,4,0,1,0,0,False,https://www.espncricinfo.com/ci/content/player/348059.html
2022,1298149,IRE v SL,IRE,SL,IRE,"Bellerive Oval, Hobart",Hobart,Australia,2,GJ Delany,Gareth Delany,4,0,28,1,7.00,8,3,0,2,0,False,https://www.espncricinfo.com/ci/content/player/1099379.html
2022,1298149,IRE v SL,IRE,SL,IRE,"Bellerive Oval, Hobart",Hobart,Australia,2,C Campher,Curtis Campher,1,0,8,0,8.00,2,1,0,0,0,False,https://www.espncricinfo.com/ci/content/player/595921.html
2022,1298149,IRE v SL,IRE,SL,IRE,"Bellerive Oval, Hobart",Hobart,Australia,2,Simi Singh,Simi Singh,2,0,20,0,10.00,3,0,2,0,0,False,https://www.espncricinfo.com/ci/content/player/1005257.html
2022,1298148,AFG v ENG,AFG,ENG,ENG,Perth Stadium,Perth,Australia,1,BA Stokes,Ben Stokes,4,0,19,2,4.75,14,2,0,1,0,False,https://www.espncricinfo.com/ci/content/player/311158.html
2022,1298148,AFG v ENG,AFG,ENG,ENG,Perth Stadium,Perth,Australia,1,CR Woakes,Chris Woakes,4,0,24,1,6.00,15,2,1,1,0,False,https://www.espncricinfo.com/ci/content/player/247235.html
2022,1298148,AFG v ENG,AFG,ENG,ENG,Perth Stadium,Perth,Australia,1,MA Wood,Mark Wood,4,0,23,2,5.75,14,2,1,0,0,False,https://www.espncricinfo.com/ci/content/player/351588.html
2022,1298148,AFG v ENG,AFG,ENG,ENG,Perth Stadium,Perth,Australia,1,SM Curran,Sam Curran,3.4,0,10,5,2.72,16,1,0,1,0,False,https://www.espncricinfo.com/ci/content/player/662973.html
2022,1298148,AFG v ENG,AFG,ENG,ENG,Perth Stadium,Perth,Australia,1,AU Rashid,Adil Rashid,4,0,32,0,8.00,4,1,1,0,0,False,https://www.espncricinfo.com/ci/content/player/244497.html
2022,1298148,AFG v ENG,AFG,ENG,AFG,Perth Stadium,Perth,Australia,2,Fazalhaq Farooqi,Fazalhaq Farooqi,4,0,24,1,6.00,15,2,1,3,0,False,https://www.espncricinfo.com/ci/content/player/974175.html
2022,1298148,AFG v ENG,AFG,ENG,AFG,Perth Stadium,Perth,Australia,2,Azmatullah Omarzai,Azmatullah Omarzai,1.1,0,11,0,9.42,2,1,0,3,0,False,https://www.espncricinfo.com/ci/content/player/819429.html
2022,1298148,AFG v ENG,AFG,ENG,AFG,Perth Stadium,Perth,Australia,2,Mujeeb Ur Rahman,Mujeeb Ur Rahman,4,0,22,1,5.50,10,1,0,0,0,False,https://www.espncricinfo.com/ci/content/player/974109.html
2022,1298148,AFG v ENG,AFG,ENG,AFG,Perth Stadium,Perth,Australia,2,Rashid Khan,Rashid Khan,4,0,17,1,4.25,10,0,0,0,0,False,https://www.espncricinfo.com/ci/content/player/793463.html
2022,1298148,AFG v ENG,AFG,ENG,AFG,Perth Stadium,Perth,Australia,2,Fareed Ahmad,Fareed Ahmad,2,0,23,1,11.50,2,2,0,1,0,False,https://www.espncricinfo.com/ci/content/player/568136.html
2022,1298148,AFG v ENG,AFG,ENG,AFG,Perth Stadium,Perth,Australia,2,Mohammad Nabi,Mohammad Nabi,3,0,16,1,5.33,6,0,0,0,0,True,https://www.espncricinfo.com/ci/content/player/25913.html
2022,1298147,AUS v NZ,NZ,AUS,AUS,Sydney Cricket Ground,Sydney,Australia,1,MA Starc,Mitchell Starc,4,0,36,0,9.00,5,3,1,0,0,False,https://www.espncricinfo.com/ci/content/player/311592.html
2022,1298147,AUS v NZ,NZ,AUS,AUS,Sydney Cricket Ground,Sydney,Australia,1,JR Hazlewood,Josh Hazlewood,4,0,41,2,10.25,8,5,1,1,0,False,https://www.espncricinfo.com/ci/content/player/288284.html
2022,1298147,AUS v NZ,NZ,AUS,AUS,Sydney Cricket Ground,Sydney,Australia,1,PJ Cummins,Pat Cummins,4,0,46,0,11.50,8,4,2,2,0,False,https://www.espncricinfo.com/ci/content/player/489889.html
2022,1298147,AUS v NZ,NZ,AUS,AUS,Sydney Cricket Ground,Sydney,Australia,1,MP Stoinis,Marcus Stoinis,4,0,38,0,9.50,3,1,2,1,0,False,https://www.espncricinfo.com/ci/content/player/325012.html
2022,1298147,AUS v NZ,NZ,AUS,AUS,Sydney Cricket Ground,Sydney,Australia,1,A Zampa,Adam Zampa,4,0,39,1,9.75,4,2,2,1,0,False,https://www.espncricinfo.com/ci/content/player/379504.html
2022,1298147,AUS v NZ,NZ,AUS,NZ,Sydney Cricket Ground,Sydney,Australia,2,TA Boult,Trent Boult,4,0,24,2,6.00,13,2,1,1,0,False,https://www.espncricinfo.com/ci/content/player/277912.html
2022,1298147,AUS v NZ,NZ,AUS,NZ,Sydney Cricket Ground,Sydney,Australia,2,TG Southee,Tim Southee,2.1,0,6,3,2.76,10,1,0,0,0,False,https://www.espncricinfo.com/ci/content/player/232364.html
2022,1298147,AUS v NZ,NZ,AUS,NZ,Sydney Cricket Ground,Sydney,Australia,2,MJ Santner,Mitchell Santner,4,0,31,3,7.75,10,2,2,0,0,False,https://www.espncricinfo.com/ci/content/player/502714.html
2022,1298147,AUS v NZ,NZ,AUS,NZ,Sydney Cricket Ground,Sydney,Australia,2,LH Ferguson,Lockie Ferguson,3,0,20,1,6.66,9,2,1,0,0,False,https://www.espncricinfo.com/ci/content/player/493773.html
2022,1298147,AUS v NZ,NZ,AUS,NZ,Sydney Cricket Ground,Sydney,Australia,2,IS Sodhi,Ish Sodhi,4,0,29,1,7.25,8,2,1,1,0,False,https://www.espncricinfo.com/ci/content/player/559066.html
2022,1298146,SCOT v ZIM,SCOT,ZIM,ZIM,"Bellerive Oval, Hobart",Hobart,Australia,1,TL Chatara,Tendai Chatara,4,1,14,2,3.50,14,1,0,0,0,False,https://www.espncricinfo.com/ci/content/player/425639.html
2022,1298146,SCOT v ZIM,SCOT,ZIM,ZIM,"Bellerive Oval, Hobart",Hobart,Australia,1,R Ngarava,Richard Ngarava,4,0,28,2,7.00,12,4,0,1,1,False,https://www.espncricinfo.com/ci/content/player/806241.html
2022,1298146,SCOT v ZIM,SCOT,ZIM,ZIM,"Bellerive Oval, Hobart",Hobart,Australia,1,B Muzarabani,Blessing Muzarabani,4,0,34,1,8.50,9,5,0,0,2,False,https://www.espncricinfo.com/ci/content/player/827051.html
2022,1298146,SCOT v ZIM,SCOT,ZIM,ZIM,"Bellerive Oval, Hobart",Hobart,Australia,1,SC Williams,Sean Williams,3,0,19,0,6.33,4,1,0,0,0,False,https://www.espncricinfo.com/ci/content/player/55870.html
2022,1298146,SCOT v ZIM,SCOT,ZIM,ZIM,"Bellerive Oval, Hobart",Hobart,Australia,1,Sikandar Raza,Sikandar Raza,4,0,20,1,5.00,10,0,0,2,0,False,https://www.espncricinfo.com/ci/content/player/299572.html
2022,1298146,SCOT v ZIM,SCOT,ZIM,ZIM,"Bellerive Oval, Hobart",Hobart,Australia,1,W Madhevere,Wessly Madhevere,1,0,7,0,7.00,1,0,0,0,0,False,https://www.espncricinfo.com/ci/content/player/938959.html
2022,1298146,SCOT v ZIM,SCOT,ZIM,SCOT,"Bellerive Oval, Hobart",Hobart,Australia,2,BTJ Wheal,Brad Wheal,4,0,26,1,6.50,12,4,0,0,0,False,https://www.espncricinfo.com/ci/content/player/807535.html
2022,1298146,SCOT v ZIM,SCOT,ZIM,SCOT,"Bellerive Oval, Hobart",Hobart,Australia,2,JH Davey,Josh Davey,3,0,16,2,5.33,8,1,0,0,1,False,https://www.espncricinfo.com/ci/content/player/407265.html
2022,1298146,SCOT v ZIM,SCOT,ZIM,SCOT,"Bellerive Oval, Hobart",Hobart,Australia,2,SM Sharif,Safyaan Sharif,2.3,0,23,0,9.20,4,3,0,0,1,False,https://www.espncricinfo.com/ci/content/player/414970.html
2022,1298146,SCOT v ZIM,SCOT,ZIM,SCOT,"Bellerive Oval, Hobart",Hobart,Australia,2,MRJ Watt,Mark Watt,4,0,19,1,4.75,9,1,0,0,0,False,https://www.espncricinfo.com/ci/content/player/659081.html
2022,1298146,SCOT v ZIM,SCOT,ZIM,SCOT,"Bellerive Oval, Hobart",Hobart,Australia,2,MA Leask,Michael Leask,4,0,36,1,9.00,4,2,1,0,0,False,https://www.espncricinfo.com/ci/content/player/414966.html
2022,1298146,SCOT v ZIM,SCOT,ZIM,SCOT,"Bellerive Oval, Hobart",Hobart,Australia,2,CS MacLeod,Calum MacLeod,1,0,11,0,11.00,0,0,1,0,0,False,https://www.espncricinfo.com/ci/content/player/232435.html
2022,1298145,IRE v WI,WI,IRE,IRE,"Bellerive Oval, Hobart",Hobart,Australia,1,JB Little,Josh Little,4,0,31,0,7.75,8,1,2,1,0,False,https://www.espncricinfo.com/ci/content/player/928067.html
2022,1298145,IRE v WI,WI,IRE,IRE,"Bellerive Oval, Hobart",Hobart,Australia,1,MR Adair,Mark Adair,4,0,26,0,6.50,12,1,1,4,0,False,https://www.espncricinfo.com/ci/content/player/526441.html
2022,1298145,IRE v WI,WI,IRE,IRE,"Bellerive Oval, Hobart",Hobart,Australia,1,BJ McCarthy,Barry McCarthy,4,0,33,1,8.25,9,3,1,1,0,False,https://www.espncricinfo.com/ci/content/player/348059.html
2022,1298145,IRE v WI,WI,IRE,IRE,"Bellerive Oval, Hobart",Hobart,Australia,1,C Campher,Curtis Campher,2,0,28,0,14.00,2,4,1,0,0,False,https://www.espncricinfo.com/ci/content/player/595921.html
2022,1298145,IRE v WI,WI,IRE,IRE,"Bellerive Oval, Hobart",Hobart,Australia,1,Simi Singh,Simi Singh,2,0,11,1,5.50,4,1,0,0,0,False,https://www.espncricinfo.com/ci/content/player/1005257.html
2022,1298145,IRE v WI,WI,IRE,IRE,"Bellerive Oval, Hobart",Hobart,Australia,1,GJ Delany,Gareth Delany,4,0,16,3,4.00,12,1,0,1,0,False,https://www.espncricinfo.com/ci/content/player/1099379.html
2022,1298145,IRE v WI,WI,IRE,WI,"Bellerive Oval, Hobart",Hobart,Australia,2,OC McCoy,Obed McCoy,3.3,0,27,0,7.71,11,2,2,0,0,False,https://www.espncricinfo.com/ci/content/player/906783.html
2022,1298145,IRE v WI,WI,IRE,WI,"Bellerive Oval, Hobart",Hobart,Australia,2,AJ Hosein,Akeal Hosein,4,0,38,1,9.50,5,2,2,0,0,False,https://www.espncricinfo.com/ci/content/player/530812.html
2022,1298145,IRE v WI,WI,IRE,WI,"Bellerive Oval, Hobart",Hobart,Australia,2,AS Joseph,Alzarri Joseph,4,0,39,0,9.75,9,3,2,1,0,False,https://www.espncricinfo.com/ci/content/player/670031.html
2022,1298145,IRE v WI,WI,IRE,WI,"Bellerive Oval, Hobart",Hobart,Australia,2,OF Smith,Odean Smith,2,0,23,0,11.50,4,3,1,0,1,False,https://www.espncricinfo.com/ci/content/player/820691.html
2022,1298145,IRE v WI,WI,IRE,WI,"Bellerive Oval, Hobart",Hobart,Australia,2,JO Holder,Jason Holder,4,0,23,0,5.75,7,1,0,0,0,False,https://www.espncricinfo.com/ci/content/player/391485.html
2022,1298144,NAM v UAE,UAE,NAM,NAM,"Simonds Stadium, South Geelong, Victoria",Geelong,Australia,1,R Trumpelmann,Ruben Trumpelmann,4,0,22,0,5.50,10,0,0,3,0,False,https://www.espncricinfo.com/ci/content/player/698317.html
2022,1298144,NAM v UAE,UAE,NAM,NAM,"Simonds Stadium, South Geelong, Victoria",Geelong,Australia,1,D Wiese,David Wiese,4,0,27,1,6.75,12,2,1,1,0,False,https://www.espncricinfo.com/ci/content/player/221140.html
2022,1298144,NAM v UAE,UAE,NAM,NAM,"Simonds Stadium, South Geelong, Victoria",Geelong,Australia,1,BM Scholtz,Bernard Scholtz,4,0,22,1,5.50,11,1,1,0,0,False,https://www.espncricinfo.com/ci/content/player/330223.html
2022,1298144,NAM v UAE,UAE,NAM,NAM,"Simonds Stadium, South Geelong, Victoria",Geelong,Australia,1,JJ Smit,JJ Smit,4,0,39,0,9.75,11,2,3,0,0,False,https://www.espncricinfo.com/ci/content/player/553821.html
2022,1298144,NAM v UAE,UAE,NAM,NAM,"Simonds Stadium, South Geelong, Victoria",Geelong,Australia,1,JN Frylinck,Jan Frylinck,3,0,30,0,10.00,3,2,1,1,0,False,https://www.espncricinfo.com/ci/content/player/482478.html
2022,1298144,NAM v UAE,UAE,NAM,NAM,"Simonds Stadium, South Geelong, Victoria",Geelong,Australia,1,B Shikongo,Ben Shikongo,1,0,8,1,8.00,1,1,0,0,0,False,https://www.espncricinfo.com/ci/content/player/1069820.html
2022,1298144,NAM v UAE,UAE,NAM,UAE,"Simonds Stadium, South Geelong, Victoria",Geelong,Australia,2,Basil Hameed,Basil Hameed,3,0,17,2,5.66,10,2,0,0,0,False,https://www.espncricinfo.com/ci/content/player/1209110.html
2022,1298144,NAM v UAE,UAE,NAM,UAE,"Simonds Stadium, South Geelong, Victoria",Geelong,Australia,2,Junaid Siddique,Junaid Siddique,4,0,35,1,8.75,8,3,1,2,0,False,https://www.espncricinfo.com/ci/content/player/1203754.html
2022,1298144,NAM v UAE,UAE,NAM,UAE,"Simonds Stadium, South Geelong, Victoria",Geelong,Australia,2,Zahoor Khan,Zahoor Khan,4,0,20,2,5.00,15,1,0,2,2,False,https://www.espncricinfo.com/ci/content/player/384525.html
2022,1298144,NAM v UAE,UAE,NAM,UAE,"Simonds Stadium, South Geelong, Victoria",Geelong,Australia,2,Ahmed Raza,Ahmed Raza,1,0,9,0,9.00,1,1,0,0,0,False,https://www.espncricinfo.com/ci/content/player/245490.html
2022,1298144,NAM v UAE,UAE,NAM,UAE,"Simonds Stadium, South Geelong, Victoria",Geelong,Australia,2,KP Meiyappan,Karthik Meiyappan,4,0,34,1,8.50,8,2,2,0,0,False,https://www.espncricinfo.com/ci/content/player/1058987.html
2022,1298144,NAM v UAE,UAE,NAM,UAE,"Simonds Stadium, South Geelong, Victoria",Geelong,Australia,2,Aayan Afzal Khan,Aayan Afzal Khan,2,0,7,0,3.50,5,0,0,0,0,False,https://www.espncricinfo.com/ci/content/player/1241265.html
2022,1298144,NAM v UAE,UAE,NAM,UAE,"Simonds Stadium, South Geelong, Victoria",Geelong,Australia,2,Muhammad Waseem,Muhammad Waseem,2,0,16,1,8.00,3,0,1,0,0,False,https://www.espncricinfo.com/ci/content/player/1241277.html
2022,1298143,NED v SL,SL,NED,NED,"Simonds Stadium, South Geelong, Victoria",Geelong,Australia,1,FJ Klaassen,Fred Klaassen,4,0,34,1,8.50,9,1,2,0,0,False,https://www.espncricinfo.com/ci/content/player/1104703.html
2022,1298143,NED v SL,SL,NED,NED,"Simonds Stadium, South Geelong, Victoria",Geelong,Australia,1,TJG Pringle,Tim Pringle,3,0,22,0,7.33,8,0,2,0,0,False,https://www.espncricinfo.com/ci/content/player/1193548.html
2022,1298143,NED v SL,SL,NED,NED,"Simonds Stadium, South Geelong, Victoria",Geelong,Australia,1,RE van der Merwe,Roelof van der Merwe,3,0,16,0,5.33,10,2,0,0,0,False,https://www.espncricinfo.com/ci/content/player/47850.html
2022,1298143,NED v SL,SL,NED,NED,"Simonds Stadium, South Geelong, Victoria",Geelong,Australia,1,PA van Meekeren,Paul van Meekeren,4,0,25,2,6.25,11,3,0,1,0,False,https://www.espncricinfo.com/ci/content/player/348109.html
2022,1298143,NED v SL,SL,NED,NED,"Simonds Stadium, South Geelong, Victoria",Geelong,Australia,1,BFW de Leede,Bas de Leede,3,0,31,2,10.33,5,2,2,0,0,False,https://www.espncricinfo.com/ci/content/player/1036191.html
2022,1298143,NED v SL,SL,NED,NED,"Simonds Stadium, South Geelong, Victoria",Geelong,Australia,1,T van der Gugten,Timm van der Gugten,3,0,31,1,10.33,3,2,1,0,0,False,https://www.espncricinfo.com/ci/content/player/333782.html
2022,1298143,NED v SL,SL,NED,SL,"Simonds Stadium, South Geelong, Victoria",Geelong,Australia,2,DM de Silva,Dhananjaya de Silva,1,0,5,0,5.00,1,0,0,0,0,False,https://www.espncricinfo.com/ci/content/player/465793.html
2022,1298143,NED v SL,SL,NED,SL,"Simonds Stadium, South Geelong, Victoria",Geelong,Australia,2,CBRLS Kumara,Lahiru Kumara,4,0,28,1,7.00,14,2,1,1,0,False,https://www.espncricinfo.com/ci/content/player/784375.html
2022,1298143,NED v SL,SL,NED,SL,"Simonds Stadium, South Geelong, Victoria",Geelong,Australia,2,B Fernando,Binura Fernando,4,0,33,1,8.25,11,4,1,1,0,False,https://www.espncricinfo.com/ci/content/player/629080.html
2022,1298143,NED v SL,SL,NED,SL,"Simonds Stadium, South Geelong, Victoria",Geelong,Australia,2,M Theekshana,Maheesh Theekshana,4,0,32,2,8.00,12,1,2,2,1,False,https://www.espncricinfo.com/ci/content/player/1138316.html
2022,1298143,NED v SL,SL,NED,SL,"Simonds Stadium, South Geelong, Victoria",Geelong,Australia,2,PWH de Silva,Wanindu Hasaranga de Silva,4,0,28,3,7.00,11,3,0,0,0,False,https://www.espncricinfo.com/ci/content/player/784379.html
2022,1298143,NED v SL,SL,NED,SL,"Simonds Stadium, South Geelong, Victoria",Geelong,Australia,2,C Karunaratne,Chamika Karunaratne,2,0,11,0,5.50,6,1,0,1,0,False,https://www.espncricinfo.com/ci/content/player/623695.html
2022,1298143,NED v SL,SL,NED,SL,"Simonds Stadium, South Geelong, Victoria",Geelong,Australia,2,MD Shanaka,Dasun Shanaka,1,0,7,0,7.00,3,1,0,0,0,True,https://www.espncricinfo.com/ci/content/player/437316.html
2022,1298142,WI v ZIM,WI,ZIM,ZIM,"Bellerive Oval, Hobart",Hobart,Australia,1,R Ngarava,Richard Ngarava,3,0,20,0,6.66,9,1,1,1,0,False,https://www.espncricinfo.com/ci/content/player/806241.html
2022,1298142,WI v ZIM,WI,ZIM,ZIM,"Bellerive Oval, Hobart",Hobart,Australia,1,TL Chatara,Tendai Chatara,3,0,22,0,7.33,5,2,0,2,0,False,https://www.espncricinfo.com/ci/content/player/425639.html
2022,1298142,WI v ZIM,WI,ZIM,ZIM,"Bellerive Oval, Hobart",Hobart,Australia,1,B Muzarabani,Blessing Muzarabani,4,0,38,2,9.50,10,2,2,2,1,False,https://www.espncricinfo.com/ci/content/player/827051.html
2022,1298142,WI v ZIM,WI,ZIM,ZIM,"Bellerive Oval, Hobart",Hobart,Australia,1,RP Burl,Ryan Burl,3,0,27,0,9.00,5,3,1,0,0,False,https://www.espncricinfo.com/ci/content/player/495964.html
2022,1298142,WI v ZIM,WI,ZIM,ZIM,"Bellerive Oval, Hobart",Hobart,Australia,1,Sikandar Raza,Sikandar Raza,4,0,19,3,4.75,7,0,0,0,0,False,https://www.espncricinfo.com/ci/content/player/299572.html
2022,1298142,WI v ZIM,WI,ZIM,ZIM,"Bellerive Oval, Hobart",Hobart,Australia,1,SC Williams,Sean Williams,3,0,17,1,5.66,7,1,0,0,1,False,https://www.espncricinfo.com/ci/content/player/55870.html
2022,1298142,WI v ZIM,WI,ZIM,WI,"Bellerive Oval, Hobart",Hobart,Australia,2,KR Mayers,Kyle Mayers,1,0,17,0,17.00,3,3,0,1,0,False,https://www.espncricinfo.com/ci/content/player/348056.html
2022,1298142,WI v ZIM,WI,ZIM,WI,"Bellerive Oval, Hobart",Hobart,Australia,2,AJ Hosein,Akeal Hosein,4,0,25,1,6.25,12,1,1,1,1,False,https://www.espncricinfo.com/ci/content/player/530812.html
2022,1298142,WI v ZIM,WI,ZIM,WI,"Bellerive Oval, Hobart",Hobart,Australia,2,AS Joseph,Alzarri Joseph,4,0,16,4,4.00,16,1,1,0,0,False,https://www.espncricinfo.com/ci/content/player/670031.html
2022,1298142,WI v ZIM,WI,ZIM,WI,"Bellerive Oval, Hobart",Hobart,Australia,2,OC McCoy,Obed McCoy,3,0,19,1,6.33,9,3,0,0,0,False,https://www.espncricinfo.com/ci/content/player/906783.html
2022,1298142,WI v ZIM,WI,ZIM,WI,"Bellerive Oval, Hobart",Hobart,Australia,2,JO Holder,Jason Holder,3.2,0,12,3,3.60,12,1,0,0,0,False,https://www.espncricinfo.com/ci/content/player/391485.html
2022,1298142,WI v ZIM,WI,ZIM,WI,"Bellerive Oval, Hobart",Hobart,Australia,2,OF Smith,Odean Smith,3,0,31,1,10.33,8,4,1,1,1,False,https://www.espncricinfo.com/ci/content/player/820691.html
2022,1298141,IRE v SCOT,SCOT,IRE,IRE,"Bellerive Oval, Hobart",Hobart,Australia,1,JB Little,Josh Little,4,0,30,1,7.50,10,2,1,1,0,False,https://www.espncricinfo.com/ci/content/player/928067.html
2022,1298141,IRE v SCOT,SCOT,IRE,IRE,"Bellerive Oval, Hobart",Hobart,Australia,1,MR Adair,Mark Adair,4,0,23,1,5.75,12,2,0,2,0,False,https://www.espncricinfo.com/ci/content/player/526441.html
2022,1298141,IRE v SCOT,SCOT,IRE,IRE,"Bellerive Oval, Hobart",Hobart,Australia,1,BJ McCarthy,Barry McCarthy,4,0,59,0,14.75,4,6,3,1,1,False,https://www.espncricinfo.com/ci/content/player/348059.html
2022,1298141,IRE v SCOT,SCOT,IRE,IRE,"Bellerive Oval, Hobart",Hobart,Australia,1,GJ Delany,Gareth Delany,3,0,28,0,9.33,3,2,1,0,0,False,https://www.espncricinfo.com/ci/content/player/1099379.html
2022,1298141,IRE v SCOT,SCOT,IRE,IRE,"Bellerive Oval, Hobart",Hobart,Australia,1,Simi Singh,Simi Singh,2,0,16,0,8.00,2,2,0,0,0,False,https://www.espncricinfo.com/ci/content/player/1005257.html
2022,1298141,IRE v SCOT,SCOT,IRE,IRE,"Bellerive Oval, Hobart",Hobart,Australia,1,C Campher,Curtis Campher,2,0,9,2,4.50,7,1,0,0,0,False,https://www.espncricinfo.com/ci/content/player/595921.html
2022,1298141,IRE v SCOT,SCOT,IRE,IRE,"Bellerive Oval, Hobart",Hobart,Australia,1,GH Dockrell,George Dockrell,1,0,9,0,9.00,1,1,0,0,0,False,https://www.espncricinfo.com/ci/content/player/348034.html
2022,1298141,IRE v SCOT,SCOT,IRE,SCOT,"Bellerive Oval, Hobart",Hobart,Australia,2,MRJ Watt,Mark Watt,4,0,39,1,9.75,10,2,1,2,0,False,https://www.espncricinfo.com/ci/content/player/659081.html
2022,1298141,IRE v SCOT,SCOT,IRE,SCOT,"Bellerive Oval, Hobart",Hobart,Australia,2,BTJ Wheal,Brad Wheal,4,0,25,1,6.25,11,2,1,0,0,False,https://www.espncricinfo.com/ci/content/player/807535.html
2022,1298141,IRE v SCOT,SCOT,IRE,SCOT,"Bellerive Oval, Hobart",Hobart,Australia,2,JH Davey,Josh Davey,4,0,46,0,11.50,5,8,0,1,0,False,https://www.espncricinfo.com/ci/content/player/407265.html
2022,1298141,IRE v SCOT,SCOT,IRE,SCOT,"Bellerive Oval, Hobart",Hobart,Australia,2,SM Sharif,Safyaan Sharif,3,0,32,1,10.66,3,4,0,1,0,False,https://www.espncricinfo.com/ci/content/player/414970.html
2022,1298141,IRE v SCOT,SCOT,IRE,SCOT,"Bellerive Oval, Hobart",Hobart,Australia,2,CN Greaves,Chris Greaves,2,0,18,0,9.00,1,0,1,1,0,False,https://www.espncricinfo.com/ci/content/player/873199.html
2022,1298141,IRE v SCOT,SCOT,IRE,SCOT,"Bellerive Oval, Hobart",Hobart,Australia,2,MA Leask,Michael Leask,2,0,16,1,8.00,2,1,0,0,0,False,https://www.espncricinfo.com/ci/content/player/414966.html
2022,1298140,SL v UAE,SL,UAE,UAE,"Simonds Stadium, South Geelong, Victoria",Geelong,Australia,1,Junaid Siddique,Junaid Siddique,4,0,36,0,9.00,8,2,1,2,0,False,https://www.espncricinfo.com/ci/content/player/1203754.html
2022,1298140,SL v UAE,SL,UAE,UAE,"Simonds Stadium, South Geelong, Victoria",Geelong,Australia,1,Kashif Daud,Kashif Daud,1,0,14,0,14.00,0,2,0,0,0,False,https://www.espncricinfo.com/ci/content/player/229225.html
2022,1298140,SL v UAE,SL,UAE,UAE,"Simonds Stadium, South Geelong, Victoria",Geelong,Australia,1,Zahoor Khan,Zahoor Khan,4,0,26,2,6.50,10,3,0,0,0,False,https://www.espncricinfo.com/ci/content/player/384525.html
2022,1298140,SL v UAE,SL,UAE,UAE,"Simonds Stadium, South Geelong, Victoria",Geelong,Australia,1,Aayan Afzal Khan,Aayan Afzal Khan,3,0,16,1,5.33,7,1,0,0,0,False,https://www.espncricinfo.com/ci/content/player/1241265.html
2022,1298140,SL v UAE,SL,UAE,UAE,"Simonds Stadium, South Geelong, Victoria",Geelong,Australia,1,Aryan Lakra,Aryan Lakra,3,0,24,1,8.00,5,3,0,0,0,False,https://www.espncricinfo.com/ci/content/player/1058989.html
2022,1298140,SL v UAE,SL,UAE,UAE,"Simonds Stadium, South Geelong, Victoria",Geelong,Australia,1,KP Meiyappan,Karthik Meiyappan,4,0,19,3,4.75,12,0,1,0,0,False,https://www.espncricinfo.com/ci/content/player/1058987.html
2022,1298140,SL v UAE,SL,UAE,UAE,"Simonds Stadium, South Geelong, Victoria",Geelong,Australia,1,Basil Hameed,Basil Hameed,1,0,13,0,13.00,1,1,1,0,0,False,https://www.espncricinfo.com/ci/content/player/1209110.html
2022,1298140,SL v UAE,SL,UAE,SL,"Simonds Stadium, South Geelong, Victoria",Geelong,Australia,2,Pramod Madushan,Pramod Madushan,3,0,14,1,4.66,12,2,0,1,0,False,https://www.espncricinfo.com/ci/content/player/826689.html
2022,1298140,SL v UAE,SL,UAE,SL,"Simonds Stadium, South Geelong, Victoria",Geelong,Australia,2,M Theekshana,Maheesh Theekshana,3.1,0,15,2,4.73,10,2,0,0,0,False,https://www.espncricinfo.com/ci/content/player/1138316.html
2022,1298140,SL v UAE,SL,UAE,SL,"Simonds Stadium, South Geelong, Victoria",Geelong,Australia,2,PVD Chameera,Dushmantha Chameera,3.5,0,15,3,3.91,16,0,1,0,0,False,https://www.espncricinfo.com/ci/content/player/552152.html
2022,1298140,SL v UAE,SL,UAE,SL,"Simonds Stadium, South Geelong, Victoria",Geelong,Australia,2,C Karunaratne,Chamika Karunaratne,2,0,14,0,7.00,5,2,0,0,0,False,https://www.espncricinfo.com/ci/content/player/623695.html
2022,1298140,SL v UAE,SL,UAE,SL,"Simonds Stadium, South Geelong, Victoria",Geelong,Australia,2,PWH de Silva,Wanindu Hasaranga de Silva,4,1,8,3,2.00,17,0,0,0,0,False,https://www.espncricinfo.com/ci/content/player/784379.html
2022,1298140,SL v UAE,SL,UAE,SL,"Simonds Stadium, South Geelong, Victoria",Geelong,Australia,2,MD Shanaka,Dasun Shanaka,1.1,0,7,1,6.00,3,0,0,1,0,True,https://www.espncricinfo.com/ci/content/player/437316.html
2022,1298139,NAM v NED,NAM,NED,NED,"Simonds Stadium, South Geelong, Victoria",Geelong,Australia,1,FJ Klaassen,Fred Klaassen,3,0,15,0,5.00,11,1,0,0,0,False,https://www.espncricinfo.com/ci/content/player/1104703.html
2022,1298139,NAM v NED,NAM,NED,NED,"Simonds Stadium, South Geelong, Victoria",Geelong,Australia,1,TJG Pringle,Tim Pringle,3,0,15,1,5.00,8,0,0,0,0,False,https://www.espncricinfo.com/ci/content/player/1193548.html
2022,1298139,NAM v NED,NAM,NED,NED,"Simonds Stadium, South Geelong, Victoria",Geelong,Australia,1,BFW de Leede,Bas de Leede,3,0,18,2,6.00,6,1,0,0,0,False,https://www.espncricinfo.com/ci/content/player/1036191.html
2022,1298139,NAM v NED,NAM,NED,NED,"Simonds Stadium, South Geelong, Victoria",Geelong,Australia,1,CN Ackermann,Colin Ackermann,3,0,17,1,5.66,8,2,0,0,0,False,https://www.espncricinfo.com/ci/content/player/379774.html
2022,1298139,NAM v NED,NAM,NED,NED,"Simonds Stadium, South Geelong, Victoria",Geelong,Australia,1,PA van Meekeren,Paul van Meekeren,4,0,18,1,4.50,11,1,0,1,0,False,https://www.espncricinfo.com/ci/content/player/348109.html
2022,1298139,NAM v NED,NAM,NED,NED,"Simonds Stadium, South Geelong, Victoria",Geelong,Australia,1,T van der Gugten,Timm van der Gugten,3,0,29,0,9.66,4,1,1,2,0,False,https://www.espncricinfo.com/ci/content/player/333782.html
2022,1298139,NAM v NED,NAM,NED,NED,"Simonds Stadium, South Geelong, Victoria",Geelong,Australia,1,RE van der Merwe,Roelof van der Merwe,1,0,6,1,6.00,1,0,0,1,0,False,https://www.espncricinfo.com/ci/content/player/47850.html
2022,1298139,NAM v NED,NAM,NED,NAM,"Simonds Stadium, South Geelong, Victoria",Geelong,Australia,2,BM Scholtz,Bernard Scholtz,4,0,21,1,5.25,10,0,1,0,0,False,https://www.espncricinfo.com/ci/content/player/330223.html
2022,1298139,NAM v NED,NAM,NED,NAM,"Simonds Stadium, South Geelong, Victoria",Geelong,Australia,2,D Wiese,David Wiese,2.3,0,22,0,8.80,4,3,0,0,0,False,https://www.espncricinfo.com/ci/content/player/221140.html
2022,1298139,NAM v NED,NAM,NED,NAM,"Simonds Stadium, South Geelong, Victoria",Geelong,Australia,2,MG Erasmus,Gerhard Erasmus,3,0,13,0,4.33,8,0,0,1,0,True,https://www.espncricinfo.com/ci/content/player/519070.html
2022,1298139,NAM v NED,NAM,NED,NAM,"Simonds Stadium, South Geelong, Victoria",Geelong,Australia,2,B Shikongo,Ben Shikongo,1,0,18,0,18.00,1,0,2,1,0,False,https://www.espncricinfo.com/ci/content/player/1069820.html
2022,1298139,NAM v NED,NAM,NED,NAM,"Simonds Stadium, South Geelong, Victoria",Geelong,Australia,2,JJ Smit,JJ Smit,4,0,24,2,6.00,9,2,0,0,0,False,https://www.espncricinfo.com/ci/content/player/553821.html
2022,1298139,NAM v NED,NAM,NED,NAM,"Simonds Stadium, South Geelong, Victoria",Geelong,Australia,2,JN Frylinck,Jan Frylinck,4,1,16,1,4.00,11,1,0,0,0,False,https://www.espncricinfo.com/ci/content/player/482478.html
2022,1298139,NAM v NED,NAM,NED,NAM,"Simonds Stadium, South Geelong, Victoria",Geelong,Australia,2,JN Loftie-Eaton,Jan Nicol Loftie-Eaton,1,0,8,0,8.00,2,1,0,0,1,False,https://www.espncricinfo.com/ci/content/player/1071473.html
2022,1298138,IRE v ZIM,ZIM,IRE,IRE,"Bellerive Oval, Hobart",Hobart,Australia,1,JB Little,Josh Little,4,0,24,3,6.00,11,3,0,0,0,False,https://www.espncricinfo.com/ci/content/player/928067.html
2022,1298138,IRE v ZIM,ZIM,IRE,IRE,"Bellerive Oval, Hobart",Hobart,Australia,1,MR Adair,Mark Adair,4,0,39,2,9.75,6,3,1,2,0,False,https://www.espncricinfo.com/ci/content/player/526441.html
2022,1298138,IRE v ZIM,ZIM,IRE,IRE,"Bellerive Oval, Hobart",Hobart,Australia,1,BJ McCarthy,Barry McCarthy,4,0,24,0,6.00,11,2,0,2,0,False,https://www.espncricinfo.com/ci/content/player/348059.html
2022,1298138,IRE v ZIM,ZIM,IRE,IRE,"Bellerive Oval, Hobart",Hobart,Australia,1,C Campher,Curtis Campher,3,0,29,0,9.66,6,2,2,0,0,False,https://www.espncricinfo.com/ci/content/player/595921.html
2022,1298138,IRE v ZIM,ZIM,IRE,IRE,"Bellerive Oval, Hobart",Hobart,Australia,1,Simi Singh,Simi Singh,3,0,31,2,10.33,5,2,2,1,0,False,https://www.espncricinfo.com/ci/content/player/1005257.html
2022,1298138,IRE v ZIM,ZIM,IRE,IRE,"Bellerive Oval, Hobart",Hobart,Australia,1,GJ Delany,Gareth Delany,2,0,21,0,10.50,4,2,1,1,0,False,https://www.espncricinfo.com/ci/content/player/1099379.html
2022,1298138,IRE v ZIM,ZIM,IRE,ZIM,"Bellerive Oval, Hobart",Hobart,Australia,2,R Ngarava,Richard Ngarava,4,0,22,2,5.50,13,3,0,0,0,False,https://www.espncricinfo.com/ci/content/player/806241.html
2022,1298138,IRE v ZIM,ZIM,IRE,ZIM,"Bellerive Oval, Hobart",Hobart,Australia,2,TL Chatara,Tendai Chatara,4,0,22,2,5.50,13,1,1,2,0,False,https://www.espncricinfo.com/ci/content/player/425639.html
2022,1298138,IRE v ZIM,ZIM,IRE,ZIM,"Bellerive Oval, Hobart",Hobart,Australia,2,B Muzarabani,Blessing Muzarabani,4,0,23,3,5.75,14,0,2,0,1,False,https://www.espncricinfo.com/ci/content/player/827051.html
2022,1298138,IRE v ZIM,ZIM,IRE,ZIM,"Bellerive Oval, Hobart",Hobart,Australia,2,LM Jongwe,Luke Jongwe,2,0,24,0,12.00,1,4,0,0,0,False,https://www.espncricinfo.com/ci/content/player/541224.html
2022,1298138,IRE v ZIM,ZIM,IRE,ZIM,"Bellerive Oval, Hobart",Hobart,Australia,2,SC Williams,Sean Williams,3,0,20,1,6.66,3,0,0,0,0,False,https://www.espncricinfo.com/ci/content/player/55870.html
2022,1298138,IRE v ZIM,ZIM,IRE,ZIM,"Bellerive Oval, Hobart",Hobart,Australia,2,Sikandar Raza,Sikandar Raza,3,0,22,1,7.33,8,1,1,1,0,False,https://www.espncricinfo.com/ci/content/player/299572.html
2022,1298137,SCOT v WI,SCOT,WI,WI,"Bellerive Oval, Hobart",Hobart,Australia,1,KR Mayers,Kyle Mayers,2,0,24,0,12.00,5,5,0,2,0,False,https://www.espncricinfo.com/ci/content/player/348056.html
2022,1298137,SCOT v WI,SCOT,WI,WI,"Bellerive Oval, Hobart",Hobart,Australia,1,AJ Hosein,Akeal Hosein,4,0,31,0,7.75,8,2,1,0,0,False,https://www.espncricinfo.com/ci/content/player/530812.html
2022,1298137,SCOT v WI,SCOT,WI,WI,"Bellerive Oval, Hobart",Hobart,Australia,1,AS Joseph,Alzarri Joseph,4,0,28,2,7.00,9,3,0,2,0,False,https://www.espncricinfo.com/ci/content/player/670031.html
2022,1298137,SCOT v WI,SCOT,WI,WI,"Bellerive Oval, Hobart",Hobart,Australia,1,OC McCoy,Obed McCoy,3,0,25,0,8.33,6,4,0,0,0,False,https://www.espncricinfo.com/ci/content/player/906783.html
2022,1298137,SCOT v WI,SCOT,WI,WI,"Bellerive Oval, Hobart",Hobart,Australia,1,JO Holder,Jason Holder,3,0,14,2,4.66,8,1,0,0,0,False,https://www.espncricinfo.com/ci/content/player/391485.html
2022,1298137,SCOT v WI,SCOT,WI,WI,"Bellerive Oval, Hobart",Hobart,Australia,1,OF Smith,Odean Smith,4,0,31,1,7.75,6,3,0,1,0,False,https://www.espncricinfo.com/ci/content/player/820691.html
2022,1298137,SCOT v WI,SCOT,WI,SCOT,"Bellerive Oval, Hobart",Hobart,Australia,2,MRJ Watt,Mark Watt,4,0,12,3,3.00,16,1,0,1,0,False,https://www.espncricinfo.com/ci/content/player/659081.html
2022,1298137,SCOT v WI,SCOT,WI,SCOT,"Bellerive Oval, Hobart",Hobart,Australia,2,BTJ Wheal,Brad Wheal,4,0,32,2,8.00,10,4,1,0,0,False,https://www.espncricinfo.com/ci/content/player/807535.html
2022,1298137,SCOT v WI,SCOT,WI,SCOT,"Bellerive Oval, Hobart",Hobart,Australia,2,JH Davey,Josh Davey,3,0,34,1,11.33,8,4,2,1,0,False,https://www.espncricinfo.com/ci/content/player/407265.html
2022,1298137,SCOT v WI,SCOT,WI,SCOT,"Bellerive Oval, Hobart",Hobart,Australia,2,SM Sharif,Safyaan Sharif,3.3,0,23,1,6.57,7,2,0,2,0,False,https://www.espncricinfo.com/ci/content/player/414970.html
2022,1298137,SCOT v WI,SCOT,WI,SCOT,"Bellerive Oval, Hobart",Hobart,Australia,2,MA Leask,Michael Leask,4,0,15,2,3.75,11,0,0,1,0,False,https://www.espncricinfo.com/ci/content/player/414966.html
2022,1298136,NED v UAE,UAE,NED,NED,"Simonds Stadium, South Geelong, Victoria",Geelong,Australia,1,FJ Klaassen,Fred Klaassen,4,0,13,2,3.25,18,0,0,3,0,False,https://www.espncricinfo.com/ci/content/player/1104703.html
2022,1298136,NED v UAE,UAE,NED,NED,"Simonds Stadium, South Geelong, Victoria",Geelong,Australia,1,TJG Pringle,Tim Pringle,4,0,13,1,3.25,11,0,0,0,0,False,https://www.espncricinfo.com/ci/content/player/1193548.html
2022,1298136,NED v UAE,UAE,NED,NED,"Simonds Stadium, South Geelong, Victoria",Geelong,Australia,1,LV van Beek,Logan van Beek,2,0,19,0,9.50,5,0,2,1,0,False,https://www.espncricinfo.com/ci/content/player/440522.html
2022,1298136,NED v UAE,UAE,NED,NED,"Simonds Stadium, South Geelong, Victoria",Geelong,Australia,1,BFW de Leede,Bas de Leede,3,0,19,3,6.33,9,2,0,2,0,False,https://www.espncricinfo.com/ci/content/player/1036191.html
2022,1298136,NED v UAE,UAE,NED,NED,"Simonds Stadium, South Geelong, Victoria",Geelong,Australia,1,PA van Meekeren,Paul van Meekeren,4,0,21,0,5.25,11,1,0,0,0,False,https://www.espncricinfo.com/ci/content/player/348109.html
2022,1298136,NED v UAE,UAE,NED,NED,"Simonds Stadium, South Geelong, Victoria",Geelong,Australia,1,RE van der Merwe,Roelof van der Merwe,3,0,19,1,6.33,7,0,1,0,0,False,https://www.espncricinfo.com/ci/content/player/47850.html
2022,1298136,NED v UAE,UAE,NED,UAE,"Simonds Stadium, South Geelong, Victoria",Geelong,Australia,2,Junaid Siddique,Junaid Siddique,4,0,24,3,6.00,10,2,0,1,0,False,https://www.espncricinfo.com/ci/content/player/1203754.html
2022,1298136,NED v UAE,UAE,NED,UAE,"Simonds Stadium, South Geelong, Victoria",Geelong,Australia,2,Basil Hameed,Basil Hameed,1,0,7,1,7.00,4,0,1,0,0,False,https://www.espncricinfo.com/ci/content/player/1209110.html
2022,1298136,NED v UAE,UAE,NED,UAE,"Simonds Stadium, South Geelong, Victoria",Geelong,Australia,2,Aayan Afzal Khan,Aayan Afzal Khan,3,0,15,1,5.00,8,1,0,0,0,False,https://www.espncricinfo.com/ci/content/player/1241265.html
2022,1298136,NED v UAE,UAE,NED,UAE,"Simonds Stadium, South Geelong, Victoria",Geelong,Australia,2,KP Meiyappan,Karthik Meiyappan,4,0,22,1,5.50,11,2,0,0,0,False,https://www.espncricinfo.com/ci/content/player/1058987.html
2022,1298136,NED v UAE,UAE,NED,UAE,"Simonds Stadium, South Geelong, Victoria",Geelong,Australia,2,Zahoor Khan,Zahoor Khan,4,0,11,1,2.75,14,0,0,0,0,False,https://www.espncricinfo.com/ci/content/player/384525.html
2022,1298136,NED v UAE,UAE,NED,UAE,"Simonds Stadium, South Geelong, Victoria",Geelong,Australia,2,Zawar Farid,Zawar Farid,2.5,0,24,0,8.47,2,2,0,0,0,False,https://www.espncricinfo.com/ci/content/player/1196500.html
2022,1298136,NED v UAE,UAE,NED,UAE,"Simonds Stadium, South Geelong, Victoria",Geelong,Australia,2,Kashif Daud,Kashif Daud,1,0,5,0,5.00,1,0,0,0,0,False,https://www.espncricinfo.com/ci/content/player/229225.html
2022,1298135,NAM v SL,NAM,SL,SL,"Simonds Stadium, South Geelong, Victoria",Geelong,Australia,1,M Theekshana,Maheesh Theekshana,4,0,23,1,5.75,7,0,0,2,0,False,https://www.espncricinfo.com/ci/content/player/1138316.html
2022,1298135,NAM v SL,NAM,SL,SL,"Simonds Stadium, South Geelong, Victoria",Geelong,Australia,1,PVD Chameera,Dushmantha Chameera,4,0,39,1,9.75,6,3,1,2,0,False,https://www.espncricinfo.com/ci/content/player/552152.html
2022,1298135,NAM v SL,NAM,SL,SL,"Simonds Stadium, South Geelong, Victoria",Geelong,Australia,1,Pramod Madushan,Pramod Madushan,4,0,37,2,9.25,6,3,1,0,0,False,https://www.espncricinfo.com/ci/content/player/826689.html
2022,1298135,NAM v SL,NAM,SL,SL,"Simonds Stadium, South Geelong, Victoria",Geelong,Australia,1,C Karunaratne,Chamika Karunaratne,4,0,36,1,9.00,7,3,1,1,0,False,https://www.espncricinfo.com/ci/content/player/623695.html
2022,1298135,NAM v SL,NAM,SL,SL,"Simonds Stadium, South Geelong, Victoria",Geelong,Australia,1,PWH de Silva,Wanindu Hasaranga de Silva,4,0,27,1,6.75,8,1,1,0,0,False,https://www.espncricinfo.com/ci/content/player/784379.html
2022,1298135,NAM v SL,NAM,SL,NAM,"Simonds Stadium, South Geelong, Victoria",Geelong,Australia,2,MG Erasmus,Gerhard Erasmus,1,0,8,0,8.00,1,1,0,0,0,True,https://www.espncricinfo.com/ci/content/player/519070.html
2022,1298135,NAM v SL,NAM,SL,NAM,"Simonds Stadium, South Geelong, Victoria",Geelong,Australia,2,D Wiese,David Wiese,4,0,16,2,4.00,13,1,0,0,0,False,https://www.espncricinfo.com/ci/content/player/221140.html
2022,1298135,NAM v SL,NAM,SL,NAM,"Simonds Stadium, South Geelong, Victoria",Geelong,Australia,2,BM Scholtz,Bernard Scholtz,4,0,18,2,4.50,10,1,0,0,0,False,https://www.espncricinfo.com/ci/content/player/330223.html
2022,1298135,NAM v SL,NAM,SL,NAM,"Simonds Stadium, South Geelong, Victoria",Geelong,Australia,2,B Shikongo,Ben Shikongo,3,1,22,2,7.33,6,3,0,0,0,False,https://www.espncricinfo.com/ci/content/player/1069820.html
2022,1298135,NAM v SL,NAM,SL,NAM,"Simonds Stadium, South Geelong, Victoria",Geelong,Australia,2,JJ Smit,JJ Smit,3,0,16,1,5.33,7,0,0,1,0,False,https://www.espncricinfo.com/ci/content/player/553821.html
2022,1298135,NAM v SL,NAM,SL,NAM,"Simonds Stadium, South Geelong, Victoria",Geelong,Australia,2,JN Frylinck,Jan Frylinck,4,0,26,2,6.50,10,0,2,1,0,False,https://www.espncricinfo.com/ci/content/player/482478.html
